order_id,customer_id,category,city,order_date,amount,quantity,month,month_name
ORD0001,CUST164,Clothing,Bengaluru,2023-01-01 00:00:00,5939.43,3,1,Jan
ORD0002,CUST029,Books,Delhi,2023-01-01 08:00:00,1453.55,3,1,Jan
ORD0003,CUST007,Electronics,Chennai,2023-01-01 16:00:00,13536.81,3,1,Jan
ORD0004,CUST190,Sports,Delhi,2023-01-02 00:00:00,13597.07,2,1,Jan
ORD0005,CUST071,Clothing,Mumbai,2023-01-02 08:00:00,14676.96,2,1,Jan
ORD0006,CUST063,Books,Hyderabad,2023-01-02 16:00:00,8665.01,5,1,Jan
ORD0007,CUST058,Electronics,Hyderabad,2023-01-03 00:00:00,2709.83,2,1,Jan
ORD0008,CUST036,Electronics,Mumbai,2023-01-03 08:00:00,5834.83,1,1,Jan
ORD0009,CUST189,Sports,Mumbai,2023-01-03 16:00:00,2254.83,5,1,Jan
ORD0010,CUST027,Books,Bengaluru,2023-01-04 00:00:00,4656.74,4,1,Jan
ORD0011,CUST174,Clothing,Hyderabad,2023-01-04 08:00:00,7498.23,3,1,Jan
ORD0012,CUST190,Home & Kitchen,Bengaluru,2023-01-04 16:00:00,1136.35,2,1,Jan
ORD0013,CUST140,Electronics,Delhi,2023-01-05 00:00:00,6633.21,1,1,Jan
ORD0014,CUST023,Electronics,Mumbai,2023-01-05 08:00:00,6432.31,4,1,Jan
ORD0015,CUST152,Sports,Bengaluru,2023-01-05 16:00:00,7366.62,3,1,Jan
ORD0016,CUST109,Books,Mumbai,2023-01-06 00:00:00,1338.44,3,1,Jan
ORD0017,CUST009,Home & Kitchen,Bengaluru,2023-01-06 08:00:00,3925.16,4,1,Jan
ORD0018,CUST008,Home & Kitchen,Delhi,2023-01-06 16:00:00,3849.53,4,1,Jan
ORD0019,CUST024,Home & Kitchen,Delhi,2023-01-07 00:00:00,9450.5,4,1,Jan
ORD0020,CUST056,Books,Chennai,2023-01-07 08:00:00,8988.33,1,1,Jan
ORD0021,CUST060,Clothing,Hyderabad,2023-01-07 16:00:00,3094.11,5,1,Jan
ORD0022,CUST130,Electronics,Chennai,2023-01-08 00:00:00,1783.19,5,1,Jan
ORD0023,CUST155,Books,Hyderabad,2023-01-08 08:00:00,4708.94,2,1,Jan
ORD0024,CUST007,Home & Kitchen,Delhi,2023-01-08 16:00:00,14242.59,3,1,Jan
ORD0025,CUST144,Electronics,Bengaluru,2023-01-09 00:00:00,5116.81,2,1,Jan
ORD0026,CUST051,Electronics,Mumbai,2023-01-09 08:00:00,9378.84,5,1,Jan
ORD0027,CUST184,Home & Kitchen,Delhi,2023-01-09 16:00:00,12100.33,4,1,Jan
ORD0028,CUST167,Home & Kitchen,Delhi,2023-01-10 00:00:00,5077.22,3,1,Jan
ORD0029,CUST180,Electronics,Bengaluru,2023-01-10 08:00:00,5154.1,5,1,Jan
ORD0030,CUST140,Sports,Delhi,2023-01-10 16:00:00,12269.04,3,1,Jan
ORD0031,CUST108,Electronics,Delhi,2023-01-11 00:00:00,12920.73,2,1,Jan
ORD0032,CUST057,Clothing,Bengaluru,2023-01-11 08:00:00,14618.54,5,1,Jan
ORD0033,CUST115,Clothing,Delhi,2023-01-11 16:00:00,2214.64,2,1,Jan
ORD0034,CUST151,Sports,Hyderabad,2023-01-12 00:00:00,4945.84,3,1,Jan
ORD0035,CUST072,Books,Hyderabad,2023-01-12 08:00:00,14219.73,1,1,Jan
ORD0036,CUST002,Electronics,Hyderabad,2023-01-12 16:00:00,3172.6,4,1,Jan
ORD0037,CUST195,Clothing,Hyderabad,2023-01-13 00:00:00,4849.91,2,1,Jan
ORD0038,CUST041,Electronics,Delhi,2023-01-13 08:00:00,14475.7,3,1,Jan
ORD0039,CUST179,Sports,Mumbai,2023-01-13 16:00:00,14537.13,5,1,Jan
ORD0040,CUST109,Home & Kitchen,Hyderabad,2023-01-14 00:00:00,4513.43,2,1,Jan
ORD0041,CUST088,Sports,Hyderabad,2023-01-14 08:00:00,10485.37,3,1,Jan
ORD0042,CUST072,Sports,Delhi,2023-01-14 16:00:00,7466.91,1,1,Jan
ORD0043,CUST040,Sports,Chennai,2023-01-15 00:00:00,8723.01,2,1,Jan
ORD0044,CUST056,Clothing,Delhi,2023-01-15 08:00:00,3787.88,3,1,Jan
ORD0045,CUST196,Sports,Bengaluru,2023-01-15 16:00:00,5765.62,2,1,Jan
ORD0046,CUST087,Home & Kitchen,Hyderabad,2023-01-16 00:00:00,12284.12,3,1,Jan
ORD0047,CUST027,Home & Kitchen,Bengaluru,2023-01-16 08:00:00,6015.44,4,1,Jan
ORD0048,CUST024,Home & Kitchen,Hyderabad,2023-01-16 16:00:00,1885.54,3,1,Jan
ORD0049,CUST098,Books,Chennai,2023-01-17 00:00:00,8544.99,3,1,Jan
ORD0050,CUST025,Sports,Mumbai,2023-01-17 08:00:00,8964.96,3,1,Jan
ORD0051,CUST092,Home & Kitchen,Chennai,2023-01-17 16:00:00,8275.31,5,1,Jan
ORD0052,CUST089,Books,Delhi,2023-01-18 00:00:00,10289.35,3,1,Jan
ORD0053,CUST155,Sports,Delhi,2023-01-18 08:00:00,8341.47,4,1,Jan
ORD0054,CUST068,Sports,Bengaluru,2023-01-18 16:00:00,14304.47,1,1,Jan
ORD0055,CUST012,Electronics,Bengaluru,2023-01-19 00:00:00,7032.01,4,1,Jan
ORD0056,CUST187,Sports,Delhi,2023-01-19 08:00:00,10683.83,1,1,Jan
ORD0057,CUST118,Electronics,Delhi,2023-01-19 16:00:00,6689.13,5,1,Jan
ORD0058,CUST138,Clothing,Delhi,2023-01-20 00:00:00,4511.7,5,1,Jan
ORD0059,CUST032,Clothing,Hyderabad,2023-01-20 08:00:00,10453.96,5,1,Jan
ORD0060,CUST097,Books,Chennai,2023-01-20 16:00:00,12320.69,1,1,Jan
ORD0061,CUST021,Electronics,Hyderabad,2023-01-21 00:00:00,11975.72,4,1,Jan
ORD0062,CUST142,Clothing,Mumbai,2023-01-21 08:00:00,6255.3,2,1,Jan
ORD0063,CUST076,Clothing,Hyderabad,2023-01-21 16:00:00,7589.69,5,1,Jan
ORD0064,CUST161,Clothing,Delhi,2023-01-22 00:00:00,9573.37,1,1,Jan
ORD0065,CUST159,Sports,Hyderabad,2023-01-22 08:00:00,3781.91,4,1,Jan
ORD0066,CUST093,Electronics,Bengaluru,2023-01-22 16:00:00,9948.21,5,1,Jan
ORD0067,CUST148,Clothing,Delhi,2023-01-23 00:00:00,10785.5,3,1,Jan
ORD0068,CUST050,Electronics,Chennai,2023-01-23 08:00:00,11878.34,4,1,Jan
ORD0069,CUST181,Home & Kitchen,Hyderabad,2023-01-23 16:00:00,1294.68,1,1,Jan
ORD0070,CUST018,Home & Kitchen,Delhi,2023-01-24 00:00:00,14862.37,2,1,Jan
ORD0071,CUST012,Sports,Bengaluru,2023-01-24 08:00:00,7292.67,2,1,Jan
ORD0072,CUST170,Home & Kitchen,Bengaluru,2023-01-24 16:00:00,6131.92,2,1,Jan
ORD0073,CUST059,Books,Hyderabad,2023-01-25 00:00:00,7697.87,3,1,Jan
ORD0074,CUST198,Electronics,Delhi,2023-01-25 08:00:00,13821.8,4,1,Jan
ORD0075,CUST075,Clothing,Chennai,2023-01-25 16:00:00,10437.29,5,1,Jan
ORD0076,CUST021,Books,Mumbai,2023-01-26 00:00:00,8245.95,4,1,Jan
ORD0077,CUST060,Books,Bengaluru,2023-01-26 08:00:00,11902.67,2,1,Jan
ORD0078,CUST026,Home & Kitchen,Mumbai,2023-01-26 16:00:00,5521.04,3,1,Jan
ORD0079,CUST098,Electronics,Chennai,2023-01-27 00:00:00,13453.42,2,1,Jan
ORD0080,CUST072,Clothing,Hyderabad,2023-01-27 08:00:00,8146.21,1,1,Jan
ORD0081,CUST117,Books,Bengaluru,2023-01-27 16:00:00,9645.07,4,1,Jan
ORD0082,CUST163,Sports,Mumbai,2023-01-28 00:00:00,1457.73,3,1,Jan
ORD0083,CUST094,Clothing,Bengaluru,2023-01-28 08:00:00,11580.52,2,1,Jan
ORD0084,CUST042,Home & Kitchen,Mumbai,2023-01-28 16:00:00,9932.5,3,1,Jan
ORD0085,CUST095,Electronics,Delhi,2023-01-29 00:00:00,5454.13,1,1,Jan
ORD0086,CUST091,Sports,Delhi,2023-01-29 08:00:00,9775.6,1,1,Jan
ORD0087,CUST054,Clothing,Hyderabad,2023-01-29 16:00:00,855.59,4,1,Jan
ORD0088,CUST172,Clothing,Chennai,2023-01-30 00:00:00,14757.4,3,1,Jan
ORD0089,CUST069,Books,Bengaluru,2023-01-30 08:00:00,10226.58,2,1,Jan
ORD0090,CUST180,Clothing,Chennai,2023-01-30 16:00:00,6114.34,2,1,Jan
ORD0091,CUST175,Electronics,Mumbai,2023-01-31 00:00:00,11339.71,5,1,Jan
ORD0092,CUST166,Electronics,Hyderabad,2023-01-31 08:00:00,14492.61,2,1,Jan
ORD0093,CUST019,Clothing,Delhi,2023-01-31 16:00:00,6570.74,4,1,Jan
ORD0094,CUST156,Books,Delhi,2023-02-01 00:00:00,356.11,1,2,Feb
ORD0095,CUST163,Sports,Hyderabad,2023-02-01 08:00:00,4029.33,2,2,Feb
ORD0096,CUST044,Sports,Bengaluru,2023-02-01 16:00:00,7758.01,5,2,Feb
ORD0097,CUST137,Books,Chennai,2023-02-02 00:00:00,7878.21,4,2,Feb
ORD0098,CUST187,Home & Kitchen,Mumbai,2023-02-02 08:00:00,8791.67,4,2,Feb
ORD0099,CUST063,Electronics,Chennai,2023-02-02 16:00:00,8713.48,4,2,Feb
ORD0100,CUST042,Home & Kitchen,Delhi,2023-02-03 00:00:00,6797.52,4,2,Feb
ORD0101,CUST119,Books,Hyderabad,2023-02-03 08:00:00,5988.79,4,2,Feb
ORD0102,CUST098,Home & Kitchen,Delhi,2023-02-03 16:00:00,11630.67,4,2,Feb
ORD0103,CUST070,Books,Delhi,2023-02-04 00:00:00,8911.13,1,2,Feb
ORD0104,CUST164,Sports,Mumbai,2023-02-04 08:00:00,7606.89,1,2,Feb
ORD0105,CUST177,Sports,Bengaluru,2023-02-04 16:00:00,5305.52,5,2,Feb
ORD0106,CUST143,Home & Kitchen,Bengaluru,2023-02-05 00:00:00,563.53,2,2,Feb
ORD0107,CUST057,Home & Kitchen,Mumbai,2023-02-05 08:00:00,1747.33,3,2,Feb
ORD0108,CUST176,Electronics,Hyderabad,2023-02-05 16:00:00,6356.44,1,2,Feb
ORD0109,CUST084,Sports,Chennai,2023-02-06 00:00:00,14433.57,3,2,Feb
ORD0110,CUST197,Electronics,Hyderabad,2023-02-06 08:00:00,1917.83,5,2,Feb
ORD0111,CUST199,Home & Kitchen,Chennai,2023-02-06 16:00:00,14122.01,2,2,Feb
ORD0112,CUST015,Books,Bengaluru,2023-02-07 00:00:00,2296.79,1,2,Feb
ORD0113,CUST059,Sports,Delhi,2023-02-07 08:00:00,4815.98,1,2,Feb
ORD0114,CUST009,Books,Delhi,2023-02-07 16:00:00,6938.92,2,2,Feb
ORD0115,CUST081,Electronics,Hyderabad,2023-02-08 00:00:00,3261.64,2,2,Feb
ORD0116,CUST103,Electronics,Mumbai,2023-02-08 08:00:00,7347.3,3,2,Feb
ORD0117,CUST069,Clothing,Chennai,2023-02-08 16:00:00,7247.21,3,2,Feb
ORD0118,CUST017,Sports,Delhi,2023-02-09 00:00:00,6684.86,2,2,Feb
ORD0119,CUST055,Sports,Hyderabad,2023-02-09 08:00:00,10512.1,1,2,Feb
ORD0120,CUST146,Electronics,Mumbai,2023-02-09 16:00:00,4919.86,4,2,Feb
ORD0121,CUST184,Books,Bengaluru,2023-02-10 00:00:00,4643.91,5,2,Feb
ORD0122,CUST081,Sports,Mumbai,2023-02-10 08:00:00,12190.75,5,2,Feb
ORD0123,CUST055,Electronics,Bengaluru,2023-02-10 16:00:00,1903.26,3,2,Feb
ORD0124,CUST168,Clothing,Hyderabad,2023-02-11 00:00:00,12767.86,2,2,Feb
ORD0125,CUST128,Home & Kitchen,Mumbai,2023-02-11 08:00:00,9789.95,1,2,Feb
ORD0126,CUST102,Sports,Hyderabad,2023-02-11 16:00:00,10221.66,1,2,Feb
ORD0127,CUST165,Home & Kitchen,Bengaluru,2023-02-12 00:00:00,2632.44,3,2,Feb
ORD0128,CUST118,Books,Delhi,2023-02-12 08:00:00,14761.73,3,2,Feb
ORD0129,CUST037,Clothing,Delhi,2023-02-12 16:00:00,3809.91,4,2,Feb
ORD0130,CUST068,Sports,Bengaluru,2023-02-13 00:00:00,2781.91,5,2,Feb
ORD0131,CUST036,Home & Kitchen,Chennai,2023-02-13 08:00:00,2570.01,5,2,Feb
ORD0132,CUST064,Home & Kitchen,Chennai,2023-02-13 16:00:00,8485.76,5,2,Feb
ORD0133,CUST191,Electronics,Delhi,2023-02-14 00:00:00,14385.25,3,2,Feb
ORD0134,CUST144,Home & Kitchen,Delhi,2023-02-14 08:00:00,3631.46,4,2,Feb
ORD0135,CUST138,Books,Mumbai,2023-02-14 16:00:00,6194.7,2,2,Feb
ORD0136,CUST068,Home & Kitchen,Mumbai,2023-02-15 00:00:00,2929.89,3,2,Feb
ORD0137,CUST192,Books,Delhi,2023-02-15 08:00:00,9679.09,4,2,Feb
ORD0138,CUST150,Books,Chennai,2023-02-15 16:00:00,6595.59,3,2,Feb
ORD0139,CUST110,Electronics,Mumbai,2023-02-16 00:00:00,632.05,2,2,Feb
ORD0140,CUST150,Clothing,Bengaluru,2023-02-16 08:00:00,9288.78,2,2,Feb
ORD0141,CUST103,Books,Mumbai,2023-02-16 16:00:00,3120.4,4,2,Feb
ORD0142,CUST093,Home & Kitchen,Mumbai,2023-02-17 00:00:00,8964.61,1,2,Feb
ORD0143,CUST057,Home & Kitchen,Mumbai,2023-02-17 08:00:00,5954.77,2,2,Feb
ORD0144,CUST036,Books,Hyderabad,2023-02-17 16:00:00,10630.09,2,2,Feb
ORD0145,CUST131,Home & Kitchen,Bengaluru,2023-02-18 00:00:00,3245.61,2,2,Feb
ORD0146,CUST127,Sports,Delhi,2023-02-18 08:00:00,11334.42,2,2,Feb
ORD0147,CUST024,Electronics,Chennai,2023-02-18 16:00:00,12169.2,1,2,Feb
ORD0148,CUST194,Home & Kitchen,Chennai,2023-02-19 00:00:00,1125.94,5,2,Feb
ORD0149,CUST013,Electronics,Delhi,2023-02-19 08:00:00,1705.93,5,2,Feb
ORD0150,CUST029,Books,Hyderabad,2023-02-19 16:00:00,13105.29,2,2,Feb
ORD0151,CUST040,Books,Chennai,2023-02-20 00:00:00,2967.01,1,2,Feb
ORD0152,CUST161,Books,Mumbai,2023-02-20 08:00:00,5024.58,3,2,Feb
ORD0153,CUST041,Electronics,Chennai,2023-02-20 16:00:00,6971.75,1,2,Feb
ORD0154,CUST175,Home & Kitchen,Bengaluru,2023-02-21 00:00:00,4082.83,4,2,Feb
ORD0155,CUST109,Sports,Bengaluru,2023-02-21 08:00:00,12967.02,3,2,Feb
ORD0156,CUST153,Electronics,Delhi,2023-02-21 16:00:00,8010.18,5,2,Feb
ORD0157,CUST017,Sports,Hyderabad,2023-02-22 00:00:00,9658.81,5,2,Feb
ORD0158,CUST099,Home & Kitchen,Hyderabad,2023-02-22 08:00:00,9035.17,1,2,Feb
ORD0159,CUST098,Home & Kitchen,Chennai,2023-02-22 16:00:00,9247.36,5,2,Feb
ORD0160,CUST153,Electronics,Hyderabad,2023-02-23 00:00:00,8887.67,1,2,Feb
ORD0161,CUST120,Clothing,Hyderabad,2023-02-23 08:00:00,5349.28,1,2,Feb
ORD0162,CUST136,Sports,Chennai,2023-02-23 16:00:00,12713.66,1,2,Feb
ORD0163,CUST065,Books,Bengaluru,2023-02-24 00:00:00,9336.97,1,2,Feb
ORD0164,CUST142,Sports,Mumbai,2023-02-24 08:00:00,12243.33,1,2,Feb
ORD0165,CUST003,Home & Kitchen,Delhi,2023-02-24 16:00:00,10648.63,4,2,Feb
ORD0166,CUST175,Home & Kitchen,Bengaluru,2023-02-25 00:00:00,4602.18,4,2,Feb
ORD0167,CUST185,Electronics,Hyderabad,2023-02-25 08:00:00,9294.37,4,2,Feb
ORD0168,CUST030,Clothing,Hyderabad,2023-02-25 16:00:00,1454.33,1,2,Feb
ORD0169,CUST175,Books,Chennai,2023-02-26 00:00:00,2182.43,5,2,Feb
ORD0170,CUST138,Sports,Delhi,2023-02-26 08:00:00,1944.35,3,2,Feb
ORD0171,CUST193,Clothing,Mumbai,2023-02-26 16:00:00,4719.62,4,2,Feb
ORD0172,CUST069,Books,Chennai,2023-02-27 00:00:00,2909.06,2,2,Feb
ORD0173,CUST197,Home & Kitchen,Chennai,2023-02-27 08:00:00,10462.86,2,2,Feb
ORD0174,CUST165,Home & Kitchen,Mumbai,2023-02-27 16:00:00,7760.21,1,2,Feb
ORD0175,CUST088,Electronics,Mumbai,2023-02-28 00:00:00,6389.94,3,2,Feb
ORD0176,CUST029,Electronics,Hyderabad,2023-02-28 08:00:00,2240.44,4,2,Feb
ORD0177,CUST076,Sports,Chennai,2023-02-28 16:00:00,5878.91,1,2,Feb
ORD0178,CUST112,Clothing,Bengaluru,2023-03-01 00:00:00,2949.15,5,3,Mar
ORD0179,CUST041,Clothing,Bengaluru,2023-03-01 08:00:00,9605.42,3,3,Mar
ORD0180,CUST117,Books,Chennai,2023-03-01 16:00:00,10462.81,5,3,Mar
ORD0181,CUST001,Sports,Mumbai,2023-03-02 00:00:00,9749.85,5,3,Mar
ORD0182,CUST185,Electronics,Delhi,2023-03-02 08:00:00,14998.51,2,3,Mar
ORD0183,CUST185,Sports,Mumbai,2023-03-02 16:00:00,8412.71,4,3,Mar
ORD0184,CUST068,Home & Kitchen,Mumbai,2023-03-03 00:00:00,7446.7,1,3,Mar
ORD0185,CUST129,Electronics,Delhi,2023-03-03 08:00:00,2276.39,5,3,Mar
ORD0186,CUST196,Clothing,Mumbai,2023-03-03 16:00:00,4855.78,5,3,Mar
ORD0187,CUST046,Electronics,Delhi,2023-03-04 00:00:00,6874.81,1,3,Mar
ORD0188,CUST130,Home & Kitchen,Chennai,2023-03-04 08:00:00,993.45,3,3,Mar
ORD0189,CUST028,Electronics,Delhi,2023-03-04 16:00:00,5513.78,1,3,Mar
ORD0190,CUST161,Clothing,Bengaluru,2023-03-05 00:00:00,341.83,1,3,Mar
ORD0191,CUST077,Home & Kitchen,Delhi,2023-03-05 08:00:00,2220.71,4,3,Mar
ORD0192,CUST164,Books,Mumbai,2023-03-05 16:00:00,12265.2,2,3,Mar
ORD0193,CUST130,Sports,Chennai,2023-03-06 00:00:00,14464.67,5,3,Mar
ORD0194,CUST156,Books,Delhi,2023-03-06 08:00:00,7680.48,2,3,Mar
ORD0195,CUST051,Home & Kitchen,Mumbai,2023-03-06 16:00:00,7525.55,3,3,Mar
ORD0196,CUST040,Home & Kitchen,Delhi,2023-03-07 00:00:00,10333.51,5,3,Mar
ORD0197,CUST096,Home & Kitchen,Chennai,2023-03-07 08:00:00,6351.33,2,3,Mar
ORD0198,CUST196,Clothing,Chennai,2023-03-07 16:00:00,12630.4,3,3,Mar
ORD0199,CUST042,Home & Kitchen,Bengaluru,2023-03-08 00:00:00,7432.75,4,3,Mar
ORD0200,CUST139,Sports,Chennai,2023-03-08 08:00:00,1423.53,3,3,Mar
ORD0201,CUST200,Clothing,Mumbai,2023-03-08 16:00:00,656.74,2,3,Mar
ORD0202,CUST136,Home & Kitchen,Chennai,2023-03-09 00:00:00,11463.64,1,3,Mar
ORD0203,CUST001,Clothing,Chennai,2023-03-09 08:00:00,4522.93,5,3,Mar
ORD0204,CUST154,Sports,Mumbai,2023-03-09 16:00:00,4267.82,4,3,Mar
ORD0205,CUST083,Sports,Mumbai,2023-03-10 00:00:00,8156.61,2,3,Mar
ORD0206,CUST126,Clothing,Chennai,2023-03-10 08:00:00,2689.49,4,3,Mar
ORD0207,CUST005,Electronics,Chennai,2023-03-10 16:00:00,6968.36,3,3,Mar
ORD0208,CUST029,Books,Delhi,2023-03-11 00:00:00,11189.27,2,3,Mar
ORD0209,CUST093,Home & Kitchen,Chennai,2023-03-11 08:00:00,11535.61,1,3,Mar
ORD0210,CUST079,Books,Bengaluru,2023-03-11 16:00:00,8335.95,1,3,Mar
ORD0211,CUST062,Sports,Bengaluru,2023-03-12 00:00:00,1875.52,1,3,Mar
ORD0212,CUST015,Books,Bengaluru,2023-03-12 08:00:00,1890.26,1,3,Mar
ORD0213,CUST062,Electronics,Bengaluru,2023-03-12 16:00:00,11671.67,5,3,Mar
ORD0214,CUST146,Books,Chennai,2023-03-13 00:00:00,12384.59,4,3,Mar
ORD0215,CUST021,Books,Delhi,2023-03-13 08:00:00,5629.55,2,3,Mar
ORD0216,CUST022,Sports,Mumbai,2023-03-13 16:00:00,12374.64,1,3,Mar
ORD0217,CUST188,Sports,Chennai,2023-03-14 00:00:00,815.84,5,3,Mar
ORD0218,CUST125,Home & Kitchen,Hyderabad,2023-03-14 08:00:00,10840.91,1,3,Mar
ORD0219,CUST018,Clothing,Chennai,2023-03-14 16:00:00,8286.03,1,3,Mar
ORD0220,CUST195,Home & Kitchen,Bengaluru,2023-03-15 00:00:00,14848.68,3,3,Mar
ORD0221,CUST137,Sports,Hyderabad,2023-03-15 08:00:00,1715.76,2,3,Mar
ORD0222,CUST197,Home & Kitchen,Chennai,2023-03-15 16:00:00,12485.05,4,3,Mar
ORD0223,CUST033,Books,Delhi,2023-03-16 00:00:00,11319.91,3,3,Mar
ORD0224,CUST033,Books,Delhi,2023-03-16 08:00:00,4606.09,3,3,Mar
ORD0225,CUST169,Sports,Hyderabad,2023-03-16 16:00:00,14989.83,4,3,Mar
ORD0226,CUST122,Sports,Mumbai,2023-03-17 00:00:00,6856.04,1,3,Mar
ORD0227,CUST141,Home & Kitchen,Hyderabad,2023-03-17 08:00:00,5358.94,1,3,Mar
ORD0228,CUST043,Home & Kitchen,Delhi,2023-03-17 16:00:00,12287.58,2,3,Mar
ORD0229,CUST068,Books,Hyderabad,2023-03-18 00:00:00,6698.23,1,3,Mar
ORD0230,CUST136,Clothing,Bengaluru,2023-03-18 08:00:00,14910.57,3,3,Mar
ORD0231,CUST156,Clothing,Bengaluru,2023-03-18 16:00:00,11679.35,3,3,Mar
ORD0232,CUST109,Sports,Mumbai,2023-03-19 00:00:00,3706.8,3,3,Mar
ORD0233,CUST055,Home & Kitchen,Hyderabad,2023-03-19 08:00:00,12198.4,4,3,Mar
ORD0234,CUST139,Clothing,Hyderabad,2023-03-19 16:00:00,8901.27,1,3,Mar
ORD0235,CUST194,Home & Kitchen,Hyderabad,2023-03-20 00:00:00,5389.34,1,3,Mar
ORD0236,CUST187,Electronics,Hyderabad,2023-03-20 08:00:00,10719.16,1,3,Mar
ORD0237,CUST177,Books,Mumbai,2023-03-20 16:00:00,9565.01,1,3,Mar
ORD0238,CUST052,Home & Kitchen,Delhi,2023-03-21 00:00:00,2656.53,2,3,Mar
ORD0239,CUST183,Home & Kitchen,Chennai,2023-03-21 08:00:00,2260.68,2,3,Mar
ORD0240,CUST080,Home & Kitchen,Mumbai,2023-03-21 16:00:00,3257.97,3,3,Mar
ORD0241,CUST103,Clothing,Delhi,2023-03-22 00:00:00,3262.75,3,3,Mar
ORD0242,CUST172,Home & Kitchen,Delhi,2023-03-22 08:00:00,1078.5,4,3,Mar
ORD0243,CUST167,Electronics,Delhi,2023-03-22 16:00:00,5392.07,5,3,Mar
ORD0244,CUST096,Clothing,Hyderabad,2023-03-23 00:00:00,4360.06,3,3,Mar
ORD0245,CUST113,Sports,Mumbai,2023-03-23 08:00:00,8173.77,1,3,Mar
ORD0246,CUST133,Sports,Delhi,2023-03-23 16:00:00,4990.07,3,3,Mar
ORD0247,CUST116,Books,Chennai,2023-03-24 00:00:00,10620.0,3,3,Mar
ORD0248,CUST031,Electronics,Chennai,2023-03-24 08:00:00,4482.13,2,3,Mar
ORD0249,CUST064,Home & Kitchen,Bengaluru,2023-03-24 16:00:00,4156.68,1,3,Mar
ORD0250,CUST058,Electronics,Delhi,2023-03-25 00:00:00,12898.65,4,3,Mar
ORD0251,CUST017,Sports,Mumbai,2023-03-25 08:00:00,14785.23,4,3,Mar
ORD0252,CUST087,Home & Kitchen,Hyderabad,2023-03-25 16:00:00,10253.63,4,3,Mar
ORD0253,CUST006,Electronics,Bengaluru,2023-03-26 00:00:00,1609.33,3,3,Mar
ORD0254,CUST151,Clothing,Delhi,2023-03-26 08:00:00,14449.03,4,3,Mar
ORD0255,CUST142,Home & Kitchen,Hyderabad,2023-03-26 16:00:00,11828.23,4,3,Mar
ORD0256,CUST059,Clothing,Mumbai,2023-03-27 00:00:00,13797.78,4,3,Mar
ORD0257,CUST151,Electronics,Mumbai,2023-03-27 08:00:00,14888.8,2,3,Mar
ORD0258,CUST057,Home & Kitchen,Bengaluru,2023-03-27 16:00:00,13032.3,1,3,Mar
ORD0259,CUST002,Books,Bengaluru,2023-03-28 00:00:00,2077.94,2,3,Mar
ORD0260,CUST019,Books,Delhi,2023-03-28 08:00:00,13017.97,1,3,Mar
ORD0261,CUST182,Sports,Hyderabad,2023-03-28 16:00:00,3895.22,2,3,Mar
ORD0262,CUST162,Home & Kitchen,Chennai,2023-03-29 00:00:00,10728.64,1,3,Mar
ORD0263,CUST016,Electronics,Hyderabad,2023-03-29 08:00:00,12461.53,4,3,Mar
ORD0264,CUST059,Books,Mumbai,2023-03-29 16:00:00,11469.81,5,3,Mar
ORD0265,CUST018,Sports,Mumbai,2023-03-30 00:00:00,10208.27,4,3,Mar
ORD0266,CUST009,Home & Kitchen,Delhi,2023-03-30 08:00:00,7443.99,5,3,Mar
ORD0267,CUST085,Books,Chennai,2023-03-30 16:00:00,8745.9,4,3,Mar
ORD0268,CUST019,Home & Kitchen,Delhi,2023-03-31 00:00:00,4177.01,2,3,Mar
ORD0269,CUST132,Sports,Mumbai,2023-03-31 08:00:00,6330.53,5,3,Mar
ORD0270,CUST061,Electronics,Mumbai,2023-03-31 16:00:00,6889.48,4,3,Mar
ORD0271,CUST072,Sports,Hyderabad,2023-04-01 00:00:00,9577.69,3,4,Apr
ORD0272,CUST172,Electronics,Chennai,2023-04-01 08:00:00,13225.85,5,4,Apr
ORD0273,CUST125,Clothing,Hyderabad,2023-04-01 16:00:00,1577.8,1,4,Apr
ORD0274,CUST055,Books,Hyderabad,2023-04-02 00:00:00,7831.08,2,4,Apr
ORD0275,CUST139,Clothing,Delhi,2023-04-02 08:00:00,4317.74,4,4,Apr
ORD0276,CUST034,Electronics,Hyderabad,2023-04-02 16:00:00,14057.77,4,4,Apr
ORD0277,CUST186,Home & Kitchen,Bengaluru,2023-04-03 00:00:00,5662.25,1,4,Apr
ORD0278,CUST147,Electronics,Bengaluru,2023-04-03 08:00:00,14263.76,4,4,Apr
ORD0279,CUST148,Electronics,Hyderabad,2023-04-03 16:00:00,5043.88,4,4,Apr
ORD0280,CUST122,Home & Kitchen,Chennai,2023-04-04 00:00:00,236.6,1,4,Apr
ORD0281,CUST063,Clothing,Hyderabad,2023-04-04 08:00:00,11657.2,1,4,Apr
ORD0282,CUST122,Books,Mumbai,2023-04-04 16:00:00,11044.32,3,4,Apr
ORD0283,CUST105,Electronics,Mumbai,2023-04-05 00:00:00,11017.79,3,4,Apr
ORD0284,CUST049,Electronics,Chennai,2023-04-05 08:00:00,6985.05,1,4,Apr
ORD0285,CUST025,Books,Delhi,2023-04-05 16:00:00,10029.33,5,4,Apr
ORD0286,CUST025,Electronics,Bengaluru,2023-04-06 00:00:00,5501.7,5,4,Apr
ORD0287,CUST169,Books,Bengaluru,2023-04-06 08:00:00,1137.29,5,4,Apr
ORD0288,CUST111,Books,Delhi,2023-04-06 16:00:00,8109.48,2,4,Apr
ORD0289,CUST091,Books,Hyderabad,2023-04-07 00:00:00,3423.88,3,4,Apr
ORD0290,CUST109,Home & Kitchen,Chennai,2023-04-07 08:00:00,6558.72,5,4,Apr
ORD0291,CUST106,Clothing,Hyderabad,2023-04-07 16:00:00,3335.4,5,4,Apr
ORD0292,CUST120,Clothing,Delhi,2023-04-08 00:00:00,4174.35,5,4,Apr
ORD0293,CUST187,Sports,Chennai,2023-04-08 08:00:00,12459.49,1,4,Apr
ORD0294,CUST014,Home & Kitchen,Bengaluru,2023-04-08 16:00:00,5198.78,4,4,Apr
ORD0295,CUST173,Sports,Bengaluru,2023-04-09 00:00:00,8753.42,2,4,Apr
ORD0296,CUST168,Clothing,Hyderabad,2023-04-09 08:00:00,8578.9,4,4,Apr
ORD0297,CUST166,Clothing,Mumbai,2023-04-09 16:00:00,7383.0,3,4,Apr
ORD0298,CUST026,Clothing,Delhi,2023-04-10 00:00:00,5287.35,4,4,Apr
ORD0299,CUST016,Electronics,Delhi,2023-04-10 08:00:00,10301.77,2,4,Apr
ORD0300,CUST104,Sports,Hyderabad,2023-04-10 16:00:00,916.46,5,4,Apr
ORD0301,CUST187,Home & Kitchen,Delhi,2023-04-11 00:00:00,1673.71,5,4,Apr
ORD0302,CUST087,Sports,Bengaluru,2023-04-11 08:00:00,11801.57,1,4,Apr
ORD0303,CUST028,Clothing,Hyderabad,2023-04-11 16:00:00,7001.81,1,4,Apr
ORD0304,CUST064,Home & Kitchen,Bengaluru,2023-04-12 00:00:00,2038.71,2,4,Apr
ORD0305,CUST050,Sports,Chennai,2023-04-12 08:00:00,12893.24,5,4,Apr
ORD0306,CUST049,Clothing,Chennai,2023-04-12 16:00:00,6731.03,4,4,Apr
ORD0307,CUST138,Clothing,Mumbai,2023-04-13 00:00:00,210.0,4,4,Apr
ORD0308,CUST115,Home & Kitchen,Delhi,2023-04-13 08:00:00,14378.87,2,4,Apr
ORD0309,CUST036,Books,Chennai,2023-04-13 16:00:00,3194.31,1,4,Apr
ORD0310,CUST109,Home & Kitchen,Delhi,2023-04-14 00:00:00,10391.16,4,4,Apr
ORD0311,CUST047,Books,Bengaluru,2023-04-14 08:00:00,2152.31,3,4,Apr
ORD0312,CUST072,Electronics,Hyderabad,2023-04-14 16:00:00,9819.96,2,4,Apr
ORD0313,CUST119,Home & Kitchen,Chennai,2023-04-15 00:00:00,2552.87,3,4,Apr
ORD0314,CUST064,Books,Hyderabad,2023-04-15 08:00:00,14004.34,3,4,Apr
ORD0315,CUST020,Sports,Chennai,2023-04-15 16:00:00,4255.49,1,4,Apr
ORD0316,CUST114,Clothing,Delhi,2023-04-16 00:00:00,9887.9,5,4,Apr
ORD0317,CUST141,Electronics,Chennai,2023-04-16 08:00:00,3905.76,2,4,Apr
ORD0318,CUST026,Home & Kitchen,Chennai,2023-04-16 16:00:00,5703.29,5,4,Apr
ORD0319,CUST013,Books,Bengaluru,2023-04-17 00:00:00,13576.24,4,4,Apr
ORD0320,CUST167,Sports,Mumbai,2023-04-17 08:00:00,2649.77,4,4,Apr
ORD0321,CUST139,Books,Bengaluru,2023-04-17 16:00:00,6065.86,2,4,Apr
ORD0322,CUST004,Home & Kitchen,Hyderabad,2023-04-18 00:00:00,4721.54,1,4,Apr
ORD0323,CUST024,Books,Delhi,2023-04-18 08:00:00,10551.73,4,4,Apr
ORD0324,CUST193,Home & Kitchen,Delhi,2023-04-18 16:00:00,3665.33,4,4,Apr
ORD0325,CUST061,Books,Chennai,2023-04-19 00:00:00,9901.18,5,4,Apr
ORD0326,CUST043,Clothing,Delhi,2023-04-19 08:00:00,10614.73,4,4,Apr
ORD0327,CUST105,Home & Kitchen,Mumbai,2023-04-19 16:00:00,216.08,1,4,Apr
ORD0328,CUST125,Home & Kitchen,Mumbai,2023-04-20 00:00:00,7256.74,4,4,Apr
ORD0329,CUST124,Electronics,Chennai,2023-04-20 08:00:00,2163.96,4,4,Apr
ORD0330,CUST055,Clothing,Chennai,2023-04-20 16:00:00,3547.62,3,4,Apr
ORD0331,CUST103,Home & Kitchen,Hyderabad,2023-04-21 00:00:00,10263.74,1,4,Apr
ORD0332,CUST016,Sports,Chennai,2023-04-21 08:00:00,337.45,4,4,Apr
ORD0333,CUST043,Books,Bengaluru,2023-04-21 16:00:00,10494.84,1,4,Apr
ORD0334,CUST098,Sports,Bengaluru,2023-04-22 00:00:00,12293.21,1,4,Apr
ORD0335,CUST001,Books,Bengaluru,2023-04-22 08:00:00,14824.69,4,4,Apr
ORD0336,CUST100,Books,Mumbai,2023-04-22 16:00:00,6450.25,4,4,Apr
ORD0337,CUST068,Electronics,Delhi,2023-04-23 00:00:00,2156.19,1,4,Apr
ORD0338,CUST117,Home & Kitchen,Hyderabad,2023-04-23 08:00:00,1248.26,5,4,Apr
ORD0339,CUST074,Books,Chennai,2023-04-23 16:00:00,5869.43,5,4,Apr
ORD0340,CUST109,Electronics,Hyderabad,2023-04-24 00:00:00,11015.3,1,4,Apr
ORD0341,CUST179,Sports,Mumbai,2023-04-24 08:00:00,1715.92,1,4,Apr
ORD0342,CUST188,Electronics,Chennai,2023-04-24 16:00:00,4837.6,5,4,Apr
ORD0343,CUST143,Sports,Chennai,2023-04-25 00:00:00,13238.64,5,4,Apr
ORD0344,CUST170,Home & Kitchen,Mumbai,2023-04-25 08:00:00,2229.51,3,4,Apr
ORD0345,CUST184,Books,Delhi,2023-04-25 16:00:00,11647.22,5,4,Apr
ORD0346,CUST125,Clothing,Chennai,2023-04-26 00:00:00,11346.74,5,4,Apr
ORD0347,CUST040,Sports,Delhi,2023-04-26 08:00:00,2170.56,2,4,Apr
ORD0348,CUST049,Books,Mumbai,2023-04-26 16:00:00,14895.51,4,4,Apr
ORD0349,CUST076,Clothing,Hyderabad,2023-04-27 00:00:00,2314.23,3,4,Apr
ORD0350,CUST056,Clothing,Chennai,2023-04-27 08:00:00,8051.52,3,4,Apr
ORD0351,CUST015,Sports,Delhi,2023-04-27 16:00:00,325.43,1,4,Apr
ORD0352,CUST149,Books,Chennai,2023-04-28 00:00:00,9820.3,2,4,Apr
ORD0353,CUST189,Clothing,Delhi,2023-04-28 08:00:00,6713.47,4,4,Apr
ORD0354,CUST139,Electronics,Chennai,2023-04-28 16:00:00,10891.99,3,4,Apr
ORD0355,CUST016,Electronics,Chennai,2023-04-29 00:00:00,9495.58,5,4,Apr
ORD0356,CUST192,Books,Chennai,2023-04-29 08:00:00,2440.34,5,4,Apr
ORD0357,CUST081,Home & Kitchen,Hyderabad,2023-04-29 16:00:00,6293.31,5,4,Apr
ORD0358,CUST015,Electronics,Chennai,2023-04-30 00:00:00,10361.18,4,4,Apr
ORD0359,CUST013,Sports,Delhi,2023-04-30 08:00:00,12927.45,3,4,Apr
ORD0360,CUST150,Books,Hyderabad,2023-04-30 16:00:00,1482.98,4,4,Apr
ORD0361,CUST123,Clothing,Bengaluru,2023-05-01 00:00:00,1686.88,1,5,May
ORD0362,CUST129,Electronics,Delhi,2023-05-01 08:00:00,11336.2,1,5,May
ORD0363,CUST136,Books,Delhi,2023-05-01 16:00:00,8925.69,2,5,May
ORD0364,CUST041,Books,Bengaluru,2023-05-02 00:00:00,5883.67,1,5,May
ORD0365,CUST015,Home & Kitchen,Hyderabad,2023-05-02 08:00:00,14456.08,3,5,May
ORD0366,CUST131,Clothing,Chennai,2023-05-02 16:00:00,4854.65,3,5,May
ORD0367,CUST021,Clothing,Delhi,2023-05-03 00:00:00,2269.49,3,5,May
ORD0368,CUST048,Clothing,Bengaluru,2023-05-03 08:00:00,4299.12,5,5,May
ORD0369,CUST018,Sports,Chennai,2023-05-03 16:00:00,1446.88,5,5,May
ORD0370,CUST153,Books,Hyderabad,2023-05-04 00:00:00,8390.27,3,5,May
ORD0371,CUST018,Sports,Delhi,2023-05-04 08:00:00,9080.12,1,5,May
ORD0372,CUST173,Sports,Chennai,2023-05-04 16:00:00,9192.38,1,5,May
ORD0373,CUST061,Books,Chennai,2023-05-05 00:00:00,11728.75,2,5,May
ORD0374,CUST104,Clothing,Mumbai,2023-05-05 08:00:00,10419.05,4,5,May
ORD0375,CUST031,Books,Bengaluru,2023-05-05 16:00:00,12748.8,2,5,May
ORD0376,CUST146,Home & Kitchen,Chennai,2023-05-06 00:00:00,9944.4,4,5,May
ORD0377,CUST064,Books,Hyderabad,2023-05-06 08:00:00,4664.41,1,5,May
ORD0378,CUST149,Books,Mumbai,2023-05-06 16:00:00,7862.69,3,5,May
ORD0379,CUST153,Electronics,Chennai,2023-05-07 00:00:00,7740.93,5,5,May
ORD0380,CUST011,Home & Kitchen,Chennai,2023-05-07 08:00:00,11268.09,2,5,May
ORD0381,CUST159,Electronics,Hyderabad,2023-05-07 16:00:00,4574.02,2,5,May
ORD0382,CUST021,Clothing,Mumbai,2023-05-08 00:00:00,1007.62,1,5,May
ORD0383,CUST108,Clothing,Mumbai,2023-05-08 08:00:00,13489.11,4,5,May
ORD0384,CUST169,Home & Kitchen,Bengaluru,2023-05-08 16:00:00,14329.14,2,5,May
ORD0385,CUST150,Sports,Chennai,2023-05-09 00:00:00,7524.34,4,5,May
ORD0386,CUST145,Books,Bengaluru,2023-05-09 08:00:00,1868.61,2,5,May
ORD0387,CUST134,Electronics,Mumbai,2023-05-09 16:00:00,7593.82,3,5,May
ORD0388,CUST081,Home & Kitchen,Bengaluru,2023-05-10 00:00:00,8990.16,1,5,May
ORD0389,CUST067,Electronics,Hyderabad,2023-05-10 08:00:00,8018.64,4,5,May
ORD0390,CUST053,Books,Delhi,2023-05-10 16:00:00,14669.91,1,5,May
ORD0391,CUST172,Sports,Hyderabad,2023-05-11 00:00:00,14805.86,5,5,May
ORD0392,CUST184,Electronics,Mumbai,2023-05-11 08:00:00,14022.08,1,5,May
ORD0393,CUST081,Home & Kitchen,Hyderabad,2023-05-11 16:00:00,2153.35,4,5,May
ORD0394,CUST062,Books,Mumbai,2023-05-12 00:00:00,12940.05,4,5,May
ORD0395,CUST068,Books,Hyderabad,2023-05-12 08:00:00,8612.03,5,5,May
ORD0396,CUST102,Sports,Chennai,2023-05-12 16:00:00,5608.1,5,5,May
ORD0397,CUST034,Home & Kitchen,Chennai,2023-05-13 00:00:00,10307.54,2,5,May
ORD0398,CUST172,Books,Hyderabad,2023-05-13 08:00:00,11488.34,4,5,May
ORD0399,CUST166,Electronics,Bengaluru,2023-05-13 16:00:00,14325.9,1,5,May
ORD0400,CUST077,Clothing,Mumbai,2023-05-14 00:00:00,11601.43,5,5,May
ORD0401,CUST118,Home & Kitchen,Chennai,2023-05-14 08:00:00,447.0,1,5,May
ORD0402,CUST081,Electronics,Mumbai,2023-05-14 16:00:00,1199.48,5,5,May
ORD0403,CUST193,Sports,Chennai,2023-05-15 00:00:00,4080.34,4,5,May
ORD0404,CUST019,Sports,Delhi,2023-05-15 08:00:00,789.44,5,5,May
ORD0405,CUST003,Books,Hyderabad,2023-05-15 16:00:00,1094.94,4,5,May
ORD0406,CUST118,Sports,Chennai,2023-05-16 00:00:00,11881.49,5,5,May
ORD0407,CUST160,Clothing,Hyderabad,2023-05-16 08:00:00,7697.84,2,5,May
ORD0408,CUST145,Electronics,Delhi,2023-05-16 16:00:00,9502.85,5,5,May
ORD0409,CUST026,Home & Kitchen,Mumbai,2023-05-17 00:00:00,7615.52,2,5,May
ORD0410,CUST019,Books,Hyderabad,2023-05-17 08:00:00,6348.39,2,5,May
ORD0411,CUST138,Home & Kitchen,Chennai,2023-05-17 16:00:00,10586.8,1,5,May
ORD0412,CUST055,Electronics,Delhi,2023-05-18 00:00:00,1419.93,4,5,May
ORD0413,CUST130,Clothing,Chennai,2023-05-18 08:00:00,8141.16,5,5,May
ORD0414,CUST068,Electronics,Delhi,2023-05-18 16:00:00,9317.5,5,5,May
ORD0415,CUST034,Electronics,Delhi,2023-05-19 00:00:00,4306.52,3,5,May
ORD0416,CUST090,Books,Chennai,2023-05-19 08:00:00,4786.62,5,5,May
ORD0417,CUST018,Home & Kitchen,Hyderabad,2023-05-19 16:00:00,7767.31,4,5,May
ORD0418,CUST063,Electronics,Mumbai,2023-05-20 00:00:00,3207.32,4,5,May
ORD0419,CUST095,Electronics,Mumbai,2023-05-20 08:00:00,12159.29,5,5,May
ORD0420,CUST073,Clothing,Delhi,2023-05-20 16:00:00,8138.57,2,5,May
ORD0421,CUST041,Sports,Chennai,2023-05-21 00:00:00,5982.83,3,5,May
ORD0422,CUST113,Clothing,Delhi,2023-05-21 08:00:00,9587.55,4,5,May
ORD0423,CUST140,Home & Kitchen,Mumbai,2023-05-21 16:00:00,12550.99,3,5,May
ORD0424,CUST181,Home & Kitchen,Delhi,2023-05-22 00:00:00,10279.62,3,5,May
ORD0425,CUST078,Books,Delhi,2023-05-22 08:00:00,1178.5,4,5,May
ORD0426,CUST157,Sports,Mumbai,2023-05-22 16:00:00,10540.4,2,5,May
ORD0427,CUST168,Home & Kitchen,Hyderabad,2023-05-23 00:00:00,11003.38,2,5,May
ORD0428,CUST136,Sports,Delhi,2023-05-23 08:00:00,12727.73,4,5,May
ORD0429,CUST003,Clothing,Hyderabad,2023-05-23 16:00:00,1057.01,5,5,May
ORD0430,CUST171,Home & Kitchen,Delhi,2023-05-24 00:00:00,1475.95,5,5,May
ORD0431,CUST142,Electronics,Chennai,2023-05-24 08:00:00,6630.36,3,5,May
ORD0432,CUST077,Home & Kitchen,Delhi,2023-05-24 16:00:00,6909.9,5,5,May
ORD0433,CUST170,Sports,Delhi,2023-05-25 00:00:00,9210.72,3,5,May
ORD0434,CUST027,Home & Kitchen,Bengaluru,2023-05-25 08:00:00,4777.49,5,5,May
ORD0435,CUST035,Books,Chennai,2023-05-25 16:00:00,11177.06,2,5,May
ORD0436,CUST068,Electronics,Chennai,2023-05-26 00:00:00,11161.74,2,5,May
ORD0437,CUST030,Books,Hyderabad,2023-05-26 08:00:00,1967.76,2,5,May
ORD0438,CUST028,Clothing,Hyderabad,2023-05-26 16:00:00,10676.93,5,5,May
ORD0439,CUST191,Home & Kitchen,Delhi,2023-05-27 00:00:00,10582.19,3,5,May
ORD0440,CUST142,Home & Kitchen,Mumbai,2023-05-27 08:00:00,2624.72,3,5,May
ORD0441,CUST040,Clothing,Delhi,2023-05-27 16:00:00,14304.64,2,5,May
ORD0442,CUST070,Books,Bengaluru,2023-05-28 00:00:00,7940.48,2,5,May
ORD0443,CUST073,Electronics,Delhi,2023-05-28 08:00:00,11788.21,5,5,May
ORD0444,CUST155,Books,Bengaluru,2023-05-28 16:00:00,10867.33,5,5,May
ORD0445,CUST054,Sports,Delhi,2023-05-29 00:00:00,2671.05,3,5,May
ORD0446,CUST184,Books,Hyderabad,2023-05-29 08:00:00,2078.57,1,5,May
ORD0447,CUST088,Electronics,Delhi,2023-05-29 16:00:00,11760.63,3,5,May
ORD0448,CUST053,Home & Kitchen,Hyderabad,2023-05-30 00:00:00,4177.71,5,5,May
ORD0449,CUST176,Books,Mumbai,2023-05-30 08:00:00,13318.94,4,5,May
ORD0450,CUST163,Clothing,Mumbai,2023-05-30 16:00:00,11617.17,5,5,May
ORD0451,CUST068,Electronics,Chennai,2023-05-31 00:00:00,634.47,5,5,May
ORD0452,CUST130,Home & Kitchen,Delhi,2023-05-31 08:00:00,12145.2,4,5,May
ORD0453,CUST126,Electronics,Chennai,2023-05-31 16:00:00,4225.31,5,5,May
ORD0454,CUST065,Clothing,Delhi,2023-06-01 00:00:00,1145.31,3,6,Jun
ORD0455,CUST014,Sports,Mumbai,2023-06-01 08:00:00,10742.38,4,6,Jun
ORD0456,CUST024,Electronics,Bengaluru,2023-06-01 16:00:00,8734.44,1,6,Jun
ORD0457,CUST163,Electronics,Chennai,2023-06-02 00:00:00,1340.64,5,6,Jun
ORD0458,CUST109,Books,Chennai,2023-06-02 08:00:00,6936.93,1,6,Jun
ORD0459,CUST071,Clothing,Mumbai,2023-06-02 16:00:00,5529.83,1,6,Jun
ORD0460,CUST012,Clothing,Mumbai,2023-06-03 00:00:00,7594.23,4,6,Jun
ORD0461,CUST001,Sports,Bengaluru,2023-06-03 08:00:00,8589.91,2,6,Jun
ORD0462,CUST086,Clothing,Chennai,2023-06-03 16:00:00,5641.78,1,6,Jun
ORD0463,CUST198,Electronics,Mumbai,2023-06-04 00:00:00,3975.72,1,6,Jun
ORD0464,CUST034,Sports,Mumbai,2023-06-04 08:00:00,1722.99,2,6,Jun
ORD0465,CUST164,Clothing,Bengaluru,2023-06-04 16:00:00,8693.9,3,6,Jun
ORD0466,CUST068,Sports,Bengaluru,2023-06-05 00:00:00,10897.12,2,6,Jun
ORD0467,CUST042,Clothing,Hyderabad,2023-06-05 08:00:00,3580.39,3,6,Jun
ORD0468,CUST190,Clothing,Delhi,2023-06-05 16:00:00,7730.61,3,6,Jun
ORD0469,CUST114,Books,Hyderabad,2023-06-06 00:00:00,851.76,2,6,Jun
ORD0470,CUST142,Clothing,Bengaluru,2023-06-06 08:00:00,12971.34,1,6,Jun
ORD0471,CUST181,Sports,Mumbai,2023-06-06 16:00:00,3819.36,3,6,Jun
ORD0472,CUST110,Electronics,Bengaluru,2023-06-07 00:00:00,7182.12,2,6,Jun
ORD0473,CUST144,Books,Chennai,2023-06-07 08:00:00,5868.1,5,6,Jun
ORD0474,CUST003,Clothing,Mumbai,2023-06-07 16:00:00,2421.25,1,6,Jun
ORD0475,CUST029,Clothing,Hyderabad,2023-06-08 00:00:00,13981.17,3,6,Jun
ORD0476,CUST020,Sports,Hyderabad,2023-06-08 08:00:00,12890.78,4,6,Jun
ORD0477,CUST177,Books,Hyderabad,2023-06-08 16:00:00,8382.4,1,6,Jun
ORD0478,CUST039,Clothing,Mumbai,2023-06-09 00:00:00,13726.43,5,6,Jun
ORD0479,CUST140,Electronics,Delhi,2023-06-09 08:00:00,11161.85,5,6,Jun
ORD0480,CUST010,Electronics,Delhi,2023-06-09 16:00:00,6406.67,2,6,Jun
ORD0481,CUST095,Clothing,Delhi,2023-06-10 00:00:00,4962.67,5,6,Jun
ORD0482,CUST150,Electronics,Bengaluru,2023-06-10 08:00:00,6360.6,4,6,Jun
ORD0483,CUST142,Books,Bengaluru,2023-06-10 16:00:00,10860.26,2,6,Jun
ORD0484,CUST038,Clothing,Chennai,2023-06-11 00:00:00,4214.62,5,6,Jun
ORD0485,CUST111,Sports,Mumbai,2023-06-11 08:00:00,1352.73,3,6,Jun
ORD0486,CUST033,Books,Chennai,2023-06-11 16:00:00,5717.56,1,6,Jun
ORD0487,CUST011,Electronics,Bengaluru,2023-06-12 00:00:00,7630.21,4,6,Jun
ORD0488,CUST079,Clothing,Mumbai,2023-06-12 08:00:00,13548.73,4,6,Jun
ORD0489,CUST094,Books,Hyderabad,2023-06-12 16:00:00,2854.3,4,6,Jun
ORD0490,CUST011,Electronics,Mumbai,2023-06-13 00:00:00,12104.2,3,6,Jun
ORD0491,CUST092,Clothing,Bengaluru,2023-06-13 08:00:00,14724.93,5,6,Jun
ORD0492,CUST054,Home & Kitchen,Hyderabad,2023-06-13 16:00:00,14320.38,1,6,Jun
ORD0493,CUST175,Sports,Hyderabad,2023-06-14 00:00:00,1220.11,1,6,Jun
ORD0494,CUST064,Electronics,Mumbai,2023-06-14 08:00:00,7083.39,3,6,Jun
ORD0495,CUST171,Electronics,Delhi,2023-06-14 16:00:00,4378.14,2,6,Jun
ORD0496,CUST027,Home & Kitchen,Bengaluru,2023-06-15 00:00:00,12703.73,5,6,Jun
ORD0497,CUST091,Home & Kitchen,Bengaluru,2023-06-15 08:00:00,5044.05,4,6,Jun
ORD0498,CUST200,Books,Delhi,2023-06-15 16:00:00,8385.75,2,6,Jun
ORD0499,CUST144,Sports,Chennai,2023-06-16 00:00:00,317.94,3,6,Jun
ORD0500,CUST105,Sports,Chennai,2023-06-16 08:00:00,3169.93,5,6,Jun
ORD0501,CUST159,Electronics,Bengaluru,2023-06-16 16:00:00,8544.34,5,6,Jun
ORD0502,CUST192,Home & Kitchen,Delhi,2023-06-17 00:00:00,4697.86,5,6,Jun
ORD0503,CUST040,Sports,Delhi,2023-06-17 08:00:00,9416.22,2,6,Jun
ORD0504,CUST061,Clothing,Hyderabad,2023-06-17 16:00:00,7066.12,2,6,Jun
ORD0505,CUST042,Sports,Chennai,2023-06-18 00:00:00,8957.03,3,6,Jun
ORD0506,CUST046,Electronics,Chennai,2023-06-18 08:00:00,7501.74,4,6,Jun
ORD0507,CUST106,Sports,Hyderabad,2023-06-18 16:00:00,11634.68,2,6,Jun
ORD0508,CUST007,Books,Mumbai,2023-06-19 00:00:00,3092.25,1,6,Jun
ORD0509,CUST046,Home & Kitchen,Chennai,2023-06-19 08:00:00,13526.56,2,6,Jun
ORD0510,CUST189,Electronics,Hyderabad,2023-06-19 16:00:00,11455.14,2,6,Jun
ORD0511,CUST086,Electronics,Delhi,2023-06-20 00:00:00,3827.88,5,6,Jun
ORD0512,CUST106,Home & Kitchen,Mumbai,2023-06-20 08:00:00,294.39,1,6,Jun
ORD0513,CUST172,Home & Kitchen,Bengaluru,2023-06-20 16:00:00,6268.53,4,6,Jun
ORD0514,CUST189,Home & Kitchen,Delhi,2023-06-21 00:00:00,3648.37,1,6,Jun
ORD0515,CUST064,Electronics,Mumbai,2023-06-21 08:00:00,5327.07,4,6,Jun
ORD0516,CUST069,Home & Kitchen,Hyderabad,2023-06-21 16:00:00,12625.7,3,6,Jun
ORD0517,CUST041,Home & Kitchen,Delhi,2023-06-22 00:00:00,13182.54,5,6,Jun
ORD0518,CUST180,Electronics,Mumbai,2023-06-22 08:00:00,14274.66,3,6,Jun
ORD0519,CUST028,Electronics,Bengaluru,2023-06-22 16:00:00,221.64,2,6,Jun
ORD0520,CUST098,Books,Delhi,2023-06-23 00:00:00,9928.1,2,6,Jun
ORD0521,CUST010,Sports,Delhi,2023-06-23 08:00:00,12765.29,5,6,Jun
ORD0522,CUST121,Clothing,Chennai,2023-06-23 16:00:00,10962.78,3,6,Jun
ORD0523,CUST057,Electronics,Mumbai,2023-06-24 00:00:00,1738.45,1,6,Jun
ORD0524,CUST052,Clothing,Mumbai,2023-06-24 08:00:00,8041.25,3,6,Jun
ORD0525,CUST118,Books,Chennai,2023-06-24 16:00:00,3724.88,4,6,Jun
ORD0526,CUST090,Sports,Hyderabad,2023-06-25 00:00:00,7482.03,2,6,Jun
ORD0527,CUST079,Sports,Hyderabad,2023-06-25 08:00:00,1086.45,1,6,Jun
ORD0528,CUST059,Sports,Chennai,2023-06-25 16:00:00,14955.0,2,6,Jun
ORD0529,CUST058,Books,Delhi,2023-06-26 00:00:00,10732.46,3,6,Jun
ORD0530,CUST007,Home & Kitchen,Bengaluru,2023-06-26 08:00:00,1576.79,5,6,Jun
ORD0531,CUST169,Sports,Hyderabad,2023-06-26 16:00:00,13834.86,1,6,Jun
ORD0532,CUST050,Sports,Bengaluru,2023-06-27 00:00:00,13479.85,5,6,Jun
ORD0533,CUST103,Books,Mumbai,2023-06-27 08:00:00,7892.44,3,6,Jun
ORD0534,CUST085,Home & Kitchen,Mumbai,2023-06-27 16:00:00,10572.53,4,6,Jun
ORD0535,CUST072,Sports,Hyderabad,2023-06-28 00:00:00,5712.88,5,6,Jun
ORD0536,CUST018,Sports,Delhi,2023-06-28 08:00:00,14623.41,5,6,Jun
ORD0537,CUST198,Home & Kitchen,Mumbai,2023-06-28 16:00:00,1456.56,3,6,Jun
ORD0538,CUST072,Electronics,Bengaluru,2023-06-29 00:00:00,1614.54,1,6,Jun
ORD0539,CUST090,Electronics,Delhi,2023-06-29 08:00:00,2176.0,3,6,Jun
ORD0540,CUST165,Sports,Hyderabad,2023-06-29 16:00:00,12335.45,5,6,Jun
ORD0541,CUST131,Clothing,Mumbai,2023-06-30 00:00:00,1307.49,2,6,Jun
ORD0542,CUST103,Home & Kitchen,Hyderabad,2023-06-30 08:00:00,8603.75,2,6,Jun
ORD0543,CUST174,Home & Kitchen,Delhi,2023-06-30 16:00:00,6637.75,5,6,Jun
ORD0544,CUST138,Clothing,Delhi,2023-07-01 00:00:00,14470.43,1,7,Jul
ORD0545,CUST085,Home & Kitchen,Delhi,2023-07-01 08:00:00,3704.22,5,7,Jul
ORD0546,CUST008,Books,Chennai,2023-07-01 16:00:00,4062.67,2,7,Jul
ORD0547,CUST030,Home & Kitchen,Chennai,2023-07-02 00:00:00,4862.13,4,7,Jul
ORD0548,CUST067,Home & Kitchen,Bengaluru,2023-07-02 08:00:00,12052.09,5,7,Jul
ORD0549,CUST046,Home & Kitchen,Delhi,2023-07-02 16:00:00,10570.74,5,7,Jul
ORD0550,CUST149,Electronics,Delhi,2023-07-03 00:00:00,11083.22,4,7,Jul
ORD0551,CUST068,Books,Mumbai,2023-07-03 08:00:00,4907.25,1,7,Jul
ORD0552,CUST010,Home & Kitchen,Bengaluru,2023-07-03 16:00:00,4224.95,3,7,Jul
ORD0553,CUST028,Books,Bengaluru,2023-07-04 00:00:00,1305.37,2,7,Jul
ORD0554,CUST153,Books,Hyderabad,2023-07-04 08:00:00,3200.15,2,7,Jul
ORD0555,CUST112,Books,Delhi,2023-07-04 16:00:00,11743.07,3,7,Jul
ORD0556,CUST089,Clothing,Mumbai,2023-07-05 00:00:00,8853.68,3,7,Jul
ORD0557,CUST187,Home & Kitchen,Hyderabad,2023-07-05 08:00:00,2500.08,3,7,Jul
ORD0558,CUST081,Electronics,Chennai,2023-07-05 16:00:00,2632.75,3,7,Jul
ORD0559,CUST112,Electronics,Delhi,2023-07-06 00:00:00,7097.62,2,7,Jul
ORD0560,CUST156,Electronics,Bengaluru,2023-07-06 08:00:00,6216.39,5,7,Jul
ORD0561,CUST131,Electronics,Delhi,2023-07-06 16:00:00,8131.68,5,7,Jul
ORD0562,CUST030,Home & Kitchen,Delhi,2023-07-07 00:00:00,14476.59,4,7,Jul
ORD0563,CUST099,Electronics,Chennai,2023-07-07 08:00:00,3273.02,5,7,Jul
ORD0564,CUST148,Books,Mumbai,2023-07-07 16:00:00,4762.95,1,7,Jul
ORD0565,CUST049,Clothing,Mumbai,2023-07-08 00:00:00,4122.12,1,7,Jul
ORD0566,CUST066,Sports,Mumbai,2023-07-08 08:00:00,1974.72,3,7,Jul
ORD0567,CUST012,Electronics,Hyderabad,2023-07-08 16:00:00,2532.71,4,7,Jul
ORD0568,CUST182,Sports,Mumbai,2023-07-09 00:00:00,10353.61,2,7,Jul
ORD0569,CUST112,Sports,Hyderabad,2023-07-09 08:00:00,12430.52,5,7,Jul
ORD0570,CUST001,Sports,Chennai,2023-07-09 16:00:00,10513.79,5,7,Jul
ORD0571,CUST134,Books,Delhi,2023-07-10 00:00:00,796.88,2,7,Jul
ORD0572,CUST138,Electronics,Hyderabad,2023-07-10 08:00:00,12571.69,1,7,Jul
ORD0573,CUST176,Home & Kitchen,Chennai,2023-07-10 16:00:00,5051.35,3,7,Jul
ORD0574,CUST185,Books,Hyderabad,2023-07-11 00:00:00,1549.95,4,7,Jul
ORD0575,CUST190,Home & Kitchen,Chennai,2023-07-11 08:00:00,3873.64,1,7,Jul
ORD0576,CUST189,Electronics,Mumbai,2023-07-11 16:00:00,5464.99,4,7,Jul
ORD0577,CUST172,Books,Mumbai,2023-07-12 00:00:00,7799.2,3,7,Jul
ORD0578,CUST051,Sports,Chennai,2023-07-12 08:00:00,10222.31,5,7,Jul
ORD0579,CUST094,Books,Bengaluru,2023-07-12 16:00:00,4050.47,3,7,Jul
ORD0580,CUST111,Books,Chennai,2023-07-13 00:00:00,14862.01,1,7,Jul
ORD0581,CUST018,Electronics,Hyderabad,2023-07-13 08:00:00,660.01,5,7,Jul
ORD0582,CUST171,Sports,Chennai,2023-07-13 16:00:00,6185.0,3,7,Jul
ORD0583,CUST085,Sports,Delhi,2023-07-14 00:00:00,6892.58,5,7,Jul
ORD0584,CUST160,Clothing,Bengaluru,2023-07-14 08:00:00,11271.56,5,7,Jul
ORD0585,CUST081,Clothing,Chennai,2023-07-14 16:00:00,3897.82,4,7,Jul
ORD0586,CUST170,Home & Kitchen,Bengaluru,2023-07-15 00:00:00,7038.24,4,7,Jul
ORD0587,CUST032,Clothing,Bengaluru,2023-07-15 08:00:00,12097.67,1,7,Jul
ORD0588,CUST185,Electronics,Chennai,2023-07-15 16:00:00,2268.94,3,7,Jul
ORD0589,CUST077,Books,Chennai,2023-07-16 00:00:00,376.96,2,7,Jul
ORD0590,CUST130,Sports,Mumbai,2023-07-16 08:00:00,12489.51,3,7,Jul
ORD0591,CUST080,Books,Chennai,2023-07-16 16:00:00,14742.0,5,7,Jul
ORD0592,CUST171,Electronics,Chennai,2023-07-17 00:00:00,2134.59,1,7,Jul
ORD0593,CUST105,Books,Mumbai,2023-07-17 08:00:00,12390.37,1,7,Jul
ORD0594,CUST084,Sports,Mumbai,2023-07-17 16:00:00,5709.15,2,7,Jul
ORD0595,CUST104,Clothing,Delhi,2023-07-18 00:00:00,9528.4,5,7,Jul
ORD0596,CUST179,Home & Kitchen,Chennai,2023-07-18 08:00:00,9741.34,5,7,Jul
ORD0597,CUST076,Sports,Hyderabad,2023-07-18 16:00:00,8818.39,1,7,Jul
ORD0598,CUST142,Sports,Bengaluru,2023-07-19 00:00:00,4030.55,1,7,Jul
ORD0599,CUST033,Sports,Mumbai,2023-07-19 08:00:00,12228.66,2,7,Jul
ORD0600,CUST050,Sports,Chennai,2023-07-19 16:00:00,522.64,2,7,Jul
ORD0601,CUST108,Electronics,Hyderabad,2023-07-20 00:00:00,1154.19,4,7,Jul
ORD0602,CUST171,Sports,Bengaluru,2023-07-20 08:00:00,13556.94,1,7,Jul
ORD0603,CUST098,Books,Chennai,2023-07-20 16:00:00,6762.78,2,7,Jul
ORD0604,CUST174,Electronics,Hyderabad,2023-07-21 00:00:00,2106.11,5,7,Jul
ORD0605,CUST192,Clothing,Bengaluru,2023-07-21 08:00:00,13595.15,4,7,Jul
ORD0606,CUST045,Books,Hyderabad,2023-07-21 16:00:00,12474.47,1,7,Jul
ORD0607,CUST158,Books,Mumbai,2023-07-22 00:00:00,5106.94,2,7,Jul
ORD0608,CUST146,Books,Chennai,2023-07-22 08:00:00,831.91,1,7,Jul
ORD0609,CUST078,Books,Hyderabad,2023-07-22 16:00:00,7022.72,4,7,Jul
ORD0610,CUST104,Electronics,Hyderabad,2023-07-23 00:00:00,2686.24,3,7,Jul
ORD0611,CUST141,Clothing,Chennai,2023-07-23 08:00:00,8693.49,1,7,Jul
ORD0612,CUST001,Clothing,Bengaluru,2023-07-23 16:00:00,12360.94,1,7,Jul
ORD0613,CUST078,Sports,Chennai,2023-07-24 00:00:00,6045.98,1,7,Jul
ORD0614,CUST074,Home & Kitchen,Hyderabad,2023-07-24 08:00:00,636.34,1,7,Jul
ORD0615,CUST054,Electronics,Delhi,2023-07-24 16:00:00,10311.55,2,7,Jul
ORD0616,CUST111,Clothing,Bengaluru,2023-07-25 00:00:00,2757.55,3,7,Jul
ORD0617,CUST149,Electronics,Hyderabad,2023-07-25 08:00:00,3377.8,5,7,Jul
ORD0618,CUST156,Electronics,Delhi,2023-07-25 16:00:00,2969.84,1,7,Jul
ORD0619,CUST168,Sports,Bengaluru,2023-07-26 00:00:00,4341.85,5,7,Jul
ORD0620,CUST083,Clothing,Mumbai,2023-07-26 08:00:00,13274.67,2,7,Jul
ORD0621,CUST120,Home & Kitchen,Chennai,2023-07-26 16:00:00,712.81,3,7,Jul
ORD0622,CUST114,Home & Kitchen,Bengaluru,2023-07-27 00:00:00,9363.81,4,7,Jul
ORD0623,CUST114,Home & Kitchen,Bengaluru,2023-07-27 08:00:00,3837.61,4,7,Jul
ORD0624,CUST173,Books,Hyderabad,2023-07-27 16:00:00,4567.56,4,7,Jul
ORD0625,CUST055,Clothing,Delhi,2023-07-28 00:00:00,6297.48,4,7,Jul
ORD0626,CUST131,Books,Bengaluru,2023-07-28 08:00:00,8350.19,4,7,Jul
ORD0627,CUST122,Books,Chennai,2023-07-28 16:00:00,1102.49,3,7,Jul
ORD0628,CUST189,Books,Bengaluru,2023-07-29 00:00:00,4340.68,1,7,Jul
ORD0629,CUST044,Sports,Bengaluru,2023-07-29 08:00:00,2231.09,4,7,Jul
ORD0630,CUST169,Sports,Hyderabad,2023-07-29 16:00:00,3151.98,1,7,Jul
ORD0631,CUST022,Electronics,Bengaluru,2023-07-30 00:00:00,13292.86,5,7,Jul
ORD0632,CUST073,Electronics,Delhi,2023-07-30 08:00:00,7982.05,1,7,Jul
ORD0633,CUST132,Clothing,Hyderabad,2023-07-30 16:00:00,9535.16,5,7,Jul
ORD0634,CUST170,Clothing,Mumbai,2023-07-31 00:00:00,12072.09,1,7,Jul
ORD0635,CUST163,Sports,Mumbai,2023-07-31 08:00:00,11963.72,5,7,Jul
ORD0636,CUST159,Electronics,Hyderabad,2023-07-31 16:00:00,14843.17,1,7,Jul
ORD0637,CUST086,Electronics,Delhi,2023-08-01 00:00:00,11772.35,1,8,Aug
ORD0638,CUST024,Books,Hyderabad,2023-08-01 08:00:00,5514.86,3,8,Aug
ORD0639,CUST193,Home & Kitchen,Hyderabad,2023-08-01 16:00:00,8258.86,5,8,Aug
ORD0640,CUST061,Home & Kitchen,Hyderabad,2023-08-02 00:00:00,7373.26,1,8,Aug
ORD0641,CUST173,Home & Kitchen,Hyderabad,2023-08-02 08:00:00,13707.62,3,8,Aug
ORD0642,CUST080,Sports,Bengaluru,2023-08-02 16:00:00,7635.42,3,8,Aug
ORD0643,CUST058,Home & Kitchen,Chennai,2023-08-03 00:00:00,5948.04,5,8,Aug
ORD0644,CUST051,Home & Kitchen,Mumbai,2023-08-03 08:00:00,2861.27,1,8,Aug
ORD0645,CUST038,Books,Delhi,2023-08-03 16:00:00,4919.39,3,8,Aug
ORD0646,CUST007,Clothing,Bengaluru,2023-08-04 00:00:00,3441.5,4,8,Aug
ORD0647,CUST012,Sports,Mumbai,2023-08-04 08:00:00,13457.32,4,8,Aug
ORD0648,CUST063,Electronics,Chennai,2023-08-04 16:00:00,11722.37,4,8,Aug
ORD0649,CUST122,Books,Hyderabad,2023-08-05 00:00:00,1067.15,1,8,Aug
ORD0650,CUST157,Home & Kitchen,Chennai,2023-08-05 08:00:00,14874.66,4,8,Aug
ORD0651,CUST197,Electronics,Mumbai,2023-08-05 16:00:00,8035.6,2,8,Aug
ORD0652,CUST019,Books,Mumbai,2023-08-06 00:00:00,11549.26,5,8,Aug
ORD0653,CUST117,Sports,Bengaluru,2023-08-06 08:00:00,14994.17,2,8,Aug
ORD0654,CUST107,Home & Kitchen,Bengaluru,2023-08-06 16:00:00,14614.9,2,8,Aug
ORD0655,CUST162,Sports,Delhi,2023-08-07 00:00:00,1681.99,4,8,Aug
ORD0656,CUST148,Books,Hyderabad,2023-08-07 08:00:00,9921.59,5,8,Aug
ORD0657,CUST050,Electronics,Chennai,2023-08-07 16:00:00,4144.6,3,8,Aug
ORD0658,CUST184,Clothing,Hyderabad,2023-08-08 00:00:00,12281.02,2,8,Aug
ORD0659,CUST179,Home & Kitchen,Chennai,2023-08-08 08:00:00,13775.44,3,8,Aug
ORD0660,CUST099,Sports,Hyderabad,2023-08-08 16:00:00,1027.45,3,8,Aug
ORD0661,CUST127,Electronics,Mumbai,2023-08-09 00:00:00,14946.6,1,8,Aug
ORD0662,CUST103,Electronics,Mumbai,2023-08-09 08:00:00,3447.29,5,8,Aug
ORD0663,CUST063,Clothing,Hyderabad,2023-08-09 16:00:00,12728.28,5,8,Aug
ORD0664,CUST038,Books,Delhi,2023-08-10 00:00:00,12001.38,2,8,Aug
ORD0665,CUST168,Clothing,Mumbai,2023-08-10 08:00:00,5451.11,1,8,Aug
ORD0666,CUST177,Clothing,Delhi,2023-08-10 16:00:00,12620.49,1,8,Aug
ORD0667,CUST002,Books,Mumbai,2023-08-11 00:00:00,12709.27,1,8,Aug
ORD0668,CUST193,Books,Bengaluru,2023-08-11 08:00:00,2806.29,5,8,Aug
ORD0669,CUST198,Books,Bengaluru,2023-08-11 16:00:00,8969.29,5,8,Aug
ORD0670,CUST028,Electronics,Hyderabad,2023-08-12 00:00:00,12131.91,4,8,Aug
ORD0671,CUST200,Electronics,Chennai,2023-08-12 08:00:00,10524.87,5,8,Aug
ORD0672,CUST109,Home & Kitchen,Bengaluru,2023-08-12 16:00:00,13726.9,5,8,Aug
ORD0673,CUST057,Home & Kitchen,Mumbai,2023-08-13 00:00:00,617.46,1,8,Aug
ORD0674,CUST046,Clothing,Mumbai,2023-08-13 08:00:00,10568.3,3,8,Aug
ORD0675,CUST179,Clothing,Bengaluru,2023-08-13 16:00:00,14223.87,2,8,Aug
ORD0676,CUST133,Home & Kitchen,Bengaluru,2023-08-14 00:00:00,8541.38,3,8,Aug
ORD0677,CUST119,Sports,Chennai,2023-08-14 08:00:00,8534.01,2,8,Aug
ORD0678,CUST013,Clothing,Bengaluru,2023-08-14 16:00:00,2985.86,4,8,Aug
ORD0679,CUST143,Sports,Hyderabad,2023-08-15 00:00:00,14822.49,5,8,Aug
ORD0680,CUST064,Sports,Chennai,2023-08-15 08:00:00,13248.07,2,8,Aug
ORD0681,CUST032,Books,Bengaluru,2023-08-15 16:00:00,7484.96,2,8,Aug
ORD0682,CUST117,Electronics,Mumbai,2023-08-16 00:00:00,4773.99,2,8,Aug
ORD0683,CUST035,Home & Kitchen,Bengaluru,2023-08-16 08:00:00,7458.46,2,8,Aug
ORD0684,CUST119,Electronics,Hyderabad,2023-08-16 16:00:00,1535.81,5,8,Aug
ORD0685,CUST171,Home & Kitchen,Hyderabad,2023-08-17 00:00:00,3642.83,3,8,Aug
ORD0686,CUST136,Electronics,Mumbai,2023-08-17 08:00:00,3438.37,2,8,Aug
ORD0687,CUST144,Home & Kitchen,Chennai,2023-08-17 16:00:00,7991.44,1,8,Aug
ORD0688,CUST153,Electronics,Mumbai,2023-08-18 00:00:00,210.12,2,8,Aug
ORD0689,CUST082,Books,Bengaluru,2023-08-18 08:00:00,13784.86,5,8,Aug
ORD0690,CUST194,Sports,Mumbai,2023-08-18 16:00:00,3181.67,1,8,Aug
ORD0691,CUST114,Home & Kitchen,Chennai,2023-08-19 00:00:00,2131.25,5,8,Aug
ORD0692,CUST157,Sports,Delhi,2023-08-19 08:00:00,10810.68,4,8,Aug
ORD0693,CUST185,Home & Kitchen,Mumbai,2023-08-19 16:00:00,13797.96,5,8,Aug
ORD0694,CUST130,Home & Kitchen,Chennai,2023-08-20 00:00:00,12695.4,1,8,Aug
ORD0695,CUST110,Books,Delhi,2023-08-20 08:00:00,4989.11,3,8,Aug
ORD0696,CUST141,Electronics,Chennai,2023-08-20 16:00:00,524.31,1,8,Aug
ORD0697,CUST115,Home & Kitchen,Chennai,2023-08-21 00:00:00,8881.82,3,8,Aug
ORD0698,CUST041,Electronics,Delhi,2023-08-21 08:00:00,13774.92,1,8,Aug
ORD0699,CUST191,Books,Mumbai,2023-08-21 16:00:00,11660.62,2,8,Aug
ORD0700,CUST122,Clothing,Delhi,2023-08-22 00:00:00,12727.92,5,8,Aug
ORD0701,CUST116,Sports,Mumbai,2023-08-22 08:00:00,12937.91,4,8,Aug
ORD0702,CUST067,Home & Kitchen,Chennai,2023-08-22 16:00:00,14416.27,3,8,Aug
ORD0703,CUST193,Books,Mumbai,2023-08-23 00:00:00,5729.14,3,8,Aug
ORD0704,CUST064,Electronics,Hyderabad,2023-08-23 08:00:00,14140.46,2,8,Aug
ORD0705,CUST164,Home & Kitchen,Delhi,2023-08-23 16:00:00,6054.81,2,8,Aug
ORD0706,CUST071,Electronics,Delhi,2023-08-24 00:00:00,1695.28,1,8,Aug
ORD0707,CUST197,Clothing,Bengaluru,2023-08-24 08:00:00,4666.12,3,8,Aug
ORD0708,CUST200,Home & Kitchen,Chennai,2023-08-24 16:00:00,2219.48,5,8,Aug
ORD0709,CUST134,Sports,Chennai,2023-08-25 00:00:00,2531.06,1,8,Aug
ORD0710,CUST125,Home & Kitchen,Mumbai,2023-08-25 08:00:00,14240.66,2,8,Aug
ORD0711,CUST161,Sports,Hyderabad,2023-08-25 16:00:00,11919.27,3,8,Aug
ORD0712,CUST062,Electronics,Chennai,2023-08-26 00:00:00,14417.8,4,8,Aug
ORD0713,CUST071,Home & Kitchen,Hyderabad,2023-08-26 08:00:00,9807.87,4,8,Aug
ORD0714,CUST113,Books,Bengaluru,2023-08-26 16:00:00,2778.2,3,8,Aug
ORD0715,CUST020,Books,Delhi,2023-08-27 00:00:00,14537.39,5,8,Aug
ORD0716,CUST183,Clothing,Hyderabad,2023-08-27 08:00:00,10464.69,3,8,Aug
ORD0717,CUST074,Books,Chennai,2023-08-27 16:00:00,13946.91,5,8,Aug
ORD0718,CUST061,Clothing,Delhi,2023-08-28 00:00:00,11847.48,2,8,Aug
ORD0719,CUST070,Electronics,Hyderabad,2023-08-28 08:00:00,3503.91,5,8,Aug
ORD0720,CUST086,Sports,Hyderabad,2023-08-28 16:00:00,8916.46,5,8,Aug
ORD0721,CUST082,Electronics,Mumbai,2023-08-29 00:00:00,2795.2,3,8,Aug
ORD0722,CUST139,Sports,Delhi,2023-08-29 08:00:00,4740.98,3,8,Aug
ORD0723,CUST021,Sports,Hyderabad,2023-08-29 16:00:00,10389.78,4,8,Aug
ORD0724,CUST036,Clothing,Mumbai,2023-08-30 00:00:00,2084.76,2,8,Aug
ORD0725,CUST039,Books,Chennai,2023-08-30 08:00:00,10986.7,1,8,Aug
ORD0726,CUST060,Books,Hyderabad,2023-08-30 16:00:00,14242.06,3,8,Aug
ORD0727,CUST099,Clothing,Mumbai,2023-08-31 00:00:00,14240.73,2,8,Aug
ORD0728,CUST178,Clothing,Mumbai,2023-08-31 08:00:00,5995.7,2,8,Aug
ORD0729,CUST040,Electronics,Delhi,2023-08-31 16:00:00,14915.39,4,8,Aug
ORD0730,CUST181,Clothing,Mumbai,2023-09-01 00:00:00,14484.72,3,9,Sep
ORD0731,CUST055,Books,Hyderabad,2023-09-01 08:00:00,679.26,3,9,Sep
ORD0732,CUST017,Clothing,Bengaluru,2023-09-01 16:00:00,9115.35,2,9,Sep
ORD0733,CUST107,Clothing,Chennai,2023-09-02 00:00:00,13831.37,3,9,Sep
ORD0734,CUST105,Sports,Hyderabad,2023-09-02 08:00:00,14519.47,4,9,Sep
ORD0735,CUST085,Clothing,Hyderabad,2023-09-02 16:00:00,3469.25,4,9,Sep
ORD0736,CUST139,Electronics,Chennai,2023-09-03 00:00:00,8570.14,4,9,Sep
ORD0737,CUST120,Clothing,Chennai,2023-09-03 08:00:00,14062.98,3,9,Sep
ORD0738,CUST107,Home & Kitchen,Mumbai,2023-09-03 16:00:00,2281.52,3,9,Sep
ORD0739,CUST016,Home & Kitchen,Hyderabad,2023-09-04 00:00:00,11231.08,4,9,Sep
ORD0740,CUST053,Sports,Mumbai,2023-09-04 08:00:00,3722.34,5,9,Sep
ORD0741,CUST108,Sports,Delhi,2023-09-04 16:00:00,14739.22,1,9,Sep
ORD0742,CUST100,Home & Kitchen,Mumbai,2023-09-05 00:00:00,2684.73,2,9,Sep
ORD0743,CUST198,Sports,Delhi,2023-09-05 08:00:00,13302.74,5,9,Sep
ORD0744,CUST150,Sports,Bengaluru,2023-09-05 16:00:00,1513.14,1,9,Sep
ORD0745,CUST179,Books,Hyderabad,2023-09-06 00:00:00,10692.69,3,9,Sep
ORD0746,CUST006,Books,Delhi,2023-09-06 08:00:00,9658.72,2,9,Sep
ORD0747,CUST196,Clothing,Bengaluru,2023-09-06 16:00:00,13322.47,5,9,Sep
ORD0748,CUST148,Home & Kitchen,Chennai,2023-09-07 00:00:00,6810.12,2,9,Sep
ORD0749,CUST098,Electronics,Mumbai,2023-09-07 08:00:00,4125.14,3,9,Sep
ORD0750,CUST123,Home & Kitchen,Bengaluru,2023-09-07 16:00:00,3893.2,1,9,Sep
ORD0751,CUST002,Home & Kitchen,Delhi,2023-09-08 00:00:00,1203.36,1,9,Sep
ORD0752,CUST091,Books,Hyderabad,2023-09-08 08:00:00,3998.54,1,9,Sep
ORD0753,CUST077,Books,Chennai,2023-09-08 16:00:00,1798.91,5,9,Sep
ORD0754,CUST193,Sports,Chennai,2023-09-09 00:00:00,218.96,1,9,Sep
ORD0755,CUST100,Electronics,Bengaluru,2023-09-09 08:00:00,5911.87,5,9,Sep
ORD0756,CUST108,Books,Bengaluru,2023-09-09 16:00:00,11042.25,5,9,Sep
ORD0757,CUST138,Sports,Mumbai,2023-09-10 00:00:00,14542.71,4,9,Sep
ORD0758,CUST192,Electronics,Chennai,2023-09-10 08:00:00,13291.37,5,9,Sep
ORD0759,CUST189,Books,Chennai,2023-09-10 16:00:00,7497.61,2,9,Sep
ORD0760,CUST140,Home & Kitchen,Mumbai,2023-09-11 00:00:00,5804.95,1,9,Sep
ORD0761,CUST155,Home & Kitchen,Hyderabad,2023-09-11 08:00:00,8281.15,5,9,Sep
ORD0762,CUST057,Electronics,Mumbai,2023-09-11 16:00:00,1701.14,3,9,Sep
ORD0763,CUST125,Electronics,Delhi,2023-09-12 00:00:00,7296.44,5,9,Sep
ORD0764,CUST057,Books,Delhi,2023-09-12 08:00:00,12987.95,5,9,Sep
ORD0765,CUST070,Books,Bengaluru,2023-09-12 16:00:00,9834.35,4,9,Sep
ORD0766,CUST112,Electronics,Mumbai,2023-09-13 00:00:00,10369.97,2,9,Sep
ORD0767,CUST125,Electronics,Mumbai,2023-09-13 08:00:00,2607.32,3,9,Sep
ORD0768,CUST008,Sports,Bengaluru,2023-09-13 16:00:00,1290.9,4,9,Sep
ORD0769,CUST100,Sports,Hyderabad,2023-09-14 00:00:00,12717.28,2,9,Sep
ORD0770,CUST087,Sports,Mumbai,2023-09-14 08:00:00,4564.65,5,9,Sep
ORD0771,CUST172,Home & Kitchen,Chennai,2023-09-14 16:00:00,4917.01,3,9,Sep
ORD0772,CUST174,Home & Kitchen,Mumbai,2023-09-15 00:00:00,14284.6,2,9,Sep
ORD0773,CUST104,Sports,Hyderabad,2023-09-15 08:00:00,1298.17,4,9,Sep
ORD0774,CUST186,Sports,Mumbai,2023-09-15 16:00:00,2717.56,5,9,Sep
ORD0775,CUST043,Electronics,Chennai,2023-09-16 00:00:00,5756.78,5,9,Sep
ORD0776,CUST120,Home & Kitchen,Delhi,2023-09-16 08:00:00,11033.38,1,9,Sep
ORD0777,CUST033,Sports,Delhi,2023-09-16 16:00:00,8296.28,4,9,Sep
ORD0778,CUST160,Clothing,Hyderabad,2023-09-17 00:00:00,13492.24,3,9,Sep
ORD0779,CUST137,Books,Hyderabad,2023-09-17 08:00:00,1577.95,5,9,Sep
ORD0780,CUST007,Sports,Chennai,2023-09-17 16:00:00,8991.65,1,9,Sep
ORD0781,CUST101,Home & Kitchen,Delhi,2023-09-18 00:00:00,9281.94,2,9,Sep
ORD0782,CUST152,Sports,Delhi,2023-09-18 08:00:00,7344.5,5,9,Sep
ORD0783,CUST145,Clothing,Delhi,2023-09-18 16:00:00,658.7,2,9,Sep
ORD0784,CUST170,Electronics,Delhi,2023-09-19 00:00:00,14148.15,5,9,Sep
ORD0785,CUST007,Home & Kitchen,Chennai,2023-09-19 08:00:00,2641.96,2,9,Sep
ORD0786,CUST022,Electronics,Hyderabad,2023-09-19 16:00:00,13368.35,4,9,Sep
ORD0787,CUST165,Books,Hyderabad,2023-09-20 00:00:00,2525.14,2,9,Sep
ORD0788,CUST110,Electronics,Bengaluru,2023-09-20 08:00:00,1698.62,2,9,Sep
ORD0789,CUST035,Sports,Hyderabad,2023-09-20 16:00:00,3242.15,5,9,Sep
ORD0790,CUST119,Clothing,Delhi,2023-09-21 00:00:00,3011.77,5,9,Sep
ORD0791,CUST047,Electronics,Mumbai,2023-09-21 08:00:00,10518.51,2,9,Sep
ORD0792,CUST013,Clothing,Delhi,2023-09-21 16:00:00,10886.16,4,9,Sep
ORD0793,CUST067,Home & Kitchen,Delhi,2023-09-22 00:00:00,11003.62,3,9,Sep
ORD0794,CUST098,Home & Kitchen,Hyderabad,2023-09-22 08:00:00,4125.92,1,9,Sep
ORD0795,CUST084,Sports,Bengaluru,2023-09-22 16:00:00,4366.54,2,9,Sep
ORD0796,CUST055,Sports,Chennai,2023-09-23 00:00:00,3715.71,4,9,Sep
ORD0797,CUST117,Sports,Mumbai,2023-09-23 08:00:00,934.6,2,9,Sep
ORD0798,CUST084,Clothing,Mumbai,2023-09-23 16:00:00,8662.19,1,9,Sep
ORD0799,CUST087,Books,Bengaluru,2023-09-24 00:00:00,12629.85,3,9,Sep
ORD0800,CUST195,Books,Delhi,2023-09-24 08:00:00,2473.13,3,9,Sep
ORD0801,CUST098,Books,Chennai,2023-09-24 16:00:00,5540.27,2,9,Sep
ORD0802,CUST072,Home & Kitchen,Chennai,2023-09-25 00:00:00,6528.57,1,9,Sep
ORD0803,CUST193,Home & Kitchen,Chennai,2023-09-25 08:00:00,4559.33,2,9,Sep
ORD0804,CUST108,Books,Hyderabad,2023-09-25 16:00:00,9997.9,5,9,Sep
ORD0805,CUST065,Sports,Delhi,2023-09-26 00:00:00,9083.19,3,9,Sep
ORD0806,CUST021,Electronics,Mumbai,2023-09-26 08:00:00,3155.19,4,9,Sep
ORD0807,CUST121,Books,Mumbai,2023-09-26 16:00:00,580.89,4,9,Sep
ORD0808,CUST005,Electronics,Delhi,2023-09-27 00:00:00,2728.32,4,9,Sep
ORD0809,CUST192,Books,Mumbai,2023-09-27 08:00:00,4518.81,1,9,Sep
ORD0810,CUST139,Electronics,Hyderabad,2023-09-27 16:00:00,1412.65,1,9,Sep
ORD0811,CUST014,Sports,Chennai,2023-09-28 00:00:00,12687.78,3,9,Sep
ORD0812,CUST090,Home & Kitchen,Mumbai,2023-09-28 08:00:00,4763.63,1,9,Sep
ORD0813,CUST058,Books,Hyderabad,2023-09-28 16:00:00,6082.52,5,9,Sep
ORD0814,CUST167,Books,Chennai,2023-09-29 00:00:00,7438.63,3,9,Sep
ORD0815,CUST018,Sports,Delhi,2023-09-29 08:00:00,9983.39,3,9,Sep
ORD0816,CUST200,Clothing,Delhi,2023-09-29 16:00:00,1548.83,5,9,Sep
ORD0817,CUST167,Books,Hyderabad,2023-09-30 00:00:00,8253.07,5,9,Sep
ORD0818,CUST011,Electronics,Hyderabad,2023-09-30 08:00:00,2936.24,5,9,Sep
ORD0819,CUST194,Sports,Hyderabad,2023-09-30 16:00:00,13305.29,2,9,Sep
ORD0820,CUST008,Clothing,Mumbai,2023-10-01 00:00:00,5667.14,4,10,Oct
ORD0821,CUST064,Books,Delhi,2023-10-01 08:00:00,6797.47,4,10,Oct
ORD0822,CUST052,Books,Mumbai,2023-10-01 16:00:00,4096.78,3,10,Oct
ORD0823,CUST006,Home & Kitchen,Mumbai,2023-10-02 00:00:00,7082.86,5,10,Oct
ORD0824,CUST160,Clothing,Chennai,2023-10-02 08:00:00,3548.39,1,10,Oct
ORD0825,CUST040,Sports,Hyderabad,2023-10-02 16:00:00,4174.72,5,10,Oct
ORD0826,CUST062,Electronics,Mumbai,2023-10-03 00:00:00,1112.26,3,10,Oct
ORD0827,CUST033,Books,Chennai,2023-10-03 08:00:00,11333.08,4,10,Oct
ORD0828,CUST122,Sports,Bengaluru,2023-10-03 16:00:00,10078.53,2,10,Oct
ORD0829,CUST172,Home & Kitchen,Chennai,2023-10-04 00:00:00,1468.47,5,10,Oct
ORD0830,CUST030,Books,Bengaluru,2023-10-04 08:00:00,5288.11,4,10,Oct
ORD0831,CUST145,Clothing,Bengaluru,2023-10-04 16:00:00,8213.45,3,10,Oct
ORD0832,CUST056,Sports,Bengaluru,2023-10-05 00:00:00,14566.44,3,10,Oct
ORD0833,CUST120,Electronics,Bengaluru,2023-10-05 08:00:00,8927.95,4,10,Oct
ORD0834,CUST180,Home & Kitchen,Hyderabad,2023-10-05 16:00:00,8393.31,4,10,Oct
ORD0835,CUST066,Sports,Mumbai,2023-10-06 00:00:00,12643.8,5,10,Oct
ORD0836,CUST197,Books,Mumbai,2023-10-06 08:00:00,12312.4,1,10,Oct
ORD0837,CUST095,Electronics,Bengaluru,2023-10-06 16:00:00,6395.75,5,10,Oct
ORD0838,CUST043,Books,Mumbai,2023-10-07 00:00:00,8125.61,2,10,Oct
ORD0839,CUST156,Books,Bengaluru,2023-10-07 08:00:00,13030.03,4,10,Oct
ORD0840,CUST156,Clothing,Mumbai,2023-10-07 16:00:00,7227.4,2,10,Oct
ORD0841,CUST192,Clothing,Chennai,2023-10-08 00:00:00,13248.48,2,10,Oct
ORD0842,CUST184,Books,Hyderabad,2023-10-08 08:00:00,7248.68,1,10,Oct
ORD0843,CUST030,Home & Kitchen,Delhi,2023-10-08 16:00:00,1368.53,5,10,Oct
ORD0844,CUST200,Clothing,Bengaluru,2023-10-09 00:00:00,13561.1,3,10,Oct
ORD0845,CUST042,Clothing,Chennai,2023-10-09 08:00:00,10771.72,2,10,Oct
ORD0846,CUST080,Clothing,Chennai,2023-10-09 16:00:00,7631.1,2,10,Oct
ORD0847,CUST028,Clothing,Hyderabad,2023-10-10 00:00:00,13526.73,2,10,Oct
ORD0848,CUST149,Electronics,Hyderabad,2023-10-10 08:00:00,12046.66,2,10,Oct
ORD0849,CUST007,Books,Bengaluru,2023-10-10 16:00:00,10227.52,3,10,Oct
ORD0850,CUST080,Electronics,Bengaluru,2023-10-11 00:00:00,9380.04,5,10,Oct
ORD0851,CUST148,Sports,Chennai,2023-10-11 08:00:00,1980.17,1,10,Oct
ORD0852,CUST174,Sports,Chennai,2023-10-11 16:00:00,11406.39,2,10,Oct
ORD0853,CUST097,Sports,Hyderabad,2023-10-12 00:00:00,2758.61,4,10,Oct
ORD0854,CUST102,Electronics,Bengaluru,2023-10-12 08:00:00,14768.65,3,10,Oct
ORD0855,CUST184,Books,Bengaluru,2023-10-12 16:00:00,14588.04,1,10,Oct
ORD0856,CUST051,Sports,Chennai,2023-10-13 00:00:00,12165.22,4,10,Oct
ORD0857,CUST020,Clothing,Delhi,2023-10-13 08:00:00,2067.55,4,10,Oct
ORD0858,CUST152,Sports,Chennai,2023-10-13 16:00:00,6465.95,4,10,Oct
ORD0859,CUST177,Home & Kitchen,Delhi,2023-10-14 00:00:00,14826.54,2,10,Oct
ORD0860,CUST161,Clothing,Bengaluru,2023-10-14 08:00:00,6643.82,5,10,Oct
ORD0861,CUST063,Clothing,Chennai,2023-10-14 16:00:00,14959.58,2,10,Oct
ORD0862,CUST027,Clothing,Hyderabad,2023-10-15 00:00:00,9482.95,4,10,Oct
ORD0863,CUST179,Sports,Mumbai,2023-10-15 08:00:00,12544.8,1,10,Oct
ORD0864,CUST198,Clothing,Bengaluru,2023-10-15 16:00:00,4016.72,2,10,Oct
ORD0865,CUST078,Home & Kitchen,Bengaluru,2023-10-16 00:00:00,13679.91,1,10,Oct
ORD0866,CUST176,Electronics,Chennai,2023-10-16 08:00:00,13729.77,2,10,Oct
ORD0867,CUST154,Home & Kitchen,Mumbai,2023-10-16 16:00:00,1191.78,5,10,Oct
ORD0868,CUST031,Books,Mumbai,2023-10-17 00:00:00,5943.87,5,10,Oct
ORD0869,CUST145,Clothing,Mumbai,2023-10-17 08:00:00,6080.85,2,10,Oct
ORD0870,CUST011,Home & Kitchen,Chennai,2023-10-17 16:00:00,5026.68,2,10,Oct
ORD0871,CUST089,Sports,Chennai,2023-10-18 00:00:00,4287.77,5,10,Oct
ORD0872,CUST137,Books,Delhi,2023-10-18 08:00:00,6980.73,1,10,Oct
ORD0873,CUST110,Home & Kitchen,Delhi,2023-10-18 16:00:00,13127.3,5,10,Oct
ORD0874,CUST170,Clothing,Delhi,2023-10-19 00:00:00,11840.95,2,10,Oct
ORD0875,CUST095,Sports,Hyderabad,2023-10-19 08:00:00,9421.26,1,10,Oct
ORD0876,CUST018,Clothing,Bengaluru,2023-10-19 16:00:00,7933.92,2,10,Oct
ORD0877,CUST130,Books,Delhi,2023-10-20 00:00:00,6409.99,3,10,Oct
ORD0878,CUST166,Home & Kitchen,Hyderabad,2023-10-20 08:00:00,6333.75,2,10,Oct
ORD0879,CUST088,Clothing,Hyderabad,2023-10-20 16:00:00,2393.36,5,10,Oct
ORD0880,CUST004,Books,Chennai,2023-10-21 00:00:00,8901.43,4,10,Oct
ORD0881,CUST108,Sports,Mumbai,2023-10-21 08:00:00,11423.99,5,10,Oct
ORD0882,CUST126,Home & Kitchen,Mumbai,2023-10-21 16:00:00,14106.82,5,10,Oct
ORD0883,CUST028,Home & Kitchen,Delhi,2023-10-22 00:00:00,13888.94,1,10,Oct
ORD0884,CUST111,Books,Bengaluru,2023-10-22 08:00:00,8527.72,3,10,Oct
ORD0885,CUST093,Home & Kitchen,Bengaluru,2023-10-22 16:00:00,1694.66,1,10,Oct
ORD0886,CUST163,Sports,Bengaluru,2023-10-23 00:00:00,4434.17,2,10,Oct
ORD0887,CUST118,Sports,Hyderabad,2023-10-23 08:00:00,8127.38,4,10,Oct
ORD0888,CUST182,Home & Kitchen,Hyderabad,2023-10-23 16:00:00,5289.26,5,10,Oct
ORD0889,CUST040,Clothing,Hyderabad,2023-10-24 00:00:00,6281.17,4,10,Oct
ORD0890,CUST112,Clothing,Chennai,2023-10-24 08:00:00,5869.04,4,10,Oct
ORD0891,CUST046,Sports,Hyderabad,2023-10-24 16:00:00,7386.65,2,10,Oct
ORD0892,CUST188,Clothing,Bengaluru,2023-10-25 00:00:00,9212.64,2,10,Oct
ORD0893,CUST134,Books,Bengaluru,2023-10-25 08:00:00,754.49,4,10,Oct
ORD0894,CUST167,Electronics,Mumbai,2023-10-25 16:00:00,4276.13,5,10,Oct
ORD0895,CUST070,Home & Kitchen,Bengaluru,2023-10-26 00:00:00,2329.02,2,10,Oct
ORD0896,CUST158,Books,Hyderabad,2023-10-26 08:00:00,9208.1,5,10,Oct
ORD0897,CUST138,Sports,Hyderabad,2023-10-26 16:00:00,10466.19,2,10,Oct
ORD0898,CUST199,Electronics,Delhi,2023-10-27 00:00:00,773.98,5,10,Oct
ORD0899,CUST124,Sports,Chennai,2023-10-27 08:00:00,13365.7,5,10,Oct
ORD0900,CUST120,Electronics,Bengaluru,2023-10-27 16:00:00,5106.11,3,10,Oct
ORD0901,CUST112,Books,Chennai,2023-10-28 00:00:00,3716.17,2,10,Oct
ORD0902,CUST188,Electronics,Bengaluru,2023-10-28 08:00:00,11237.1,3,10,Oct
ORD0903,CUST152,Clothing,Mumbai,2023-10-28 16:00:00,13828.36,4,10,Oct
ORD0904,CUST069,Books,Mumbai,2023-10-29 00:00:00,13476.06,5,10,Oct
ORD0905,CUST083,Home & Kitchen,Chennai,2023-10-29 08:00:00,499.45,5,10,Oct
ORD0906,CUST063,Sports,Hyderabad,2023-10-29 16:00:00,12297.31,1,10,Oct
ORD0907,CUST023,Clothing,Delhi,2023-10-30 00:00:00,4685.21,2,10,Oct
ORD0908,CUST072,Home & Kitchen,Bengaluru,2023-10-30 08:00:00,4349.13,4,10,Oct
ORD0909,CUST116,Electronics,Bengaluru,2023-10-30 16:00:00,7475.96,4,10,Oct
ORD0910,CUST063,Clothing,Delhi,2023-10-31 00:00:00,10503.51,2,10,Oct
ORD0911,CUST193,Home & Kitchen,Chennai,2023-10-31 08:00:00,1653.62,1,10,Oct
ORD0912,CUST119,Books,Chennai,2023-10-31 16:00:00,13059.72,1,10,Oct
ORD0913,CUST146,Electronics,Bengaluru,2023-11-01 00:00:00,2188.91,2,11,Nov
ORD0914,CUST157,Home & Kitchen,Mumbai,2023-11-01 08:00:00,14618.45,5,11,Nov
ORD0915,CUST172,Electronics,Delhi,2023-11-01 16:00:00,6758.04,5,11,Nov
ORD0916,CUST098,Home & Kitchen,Bengaluru,2023-11-02 00:00:00,12422.19,4,11,Nov
ORD0917,CUST087,Sports,Mumbai,2023-11-02 08:00:00,4187.42,2,11,Nov
ORD0918,CUST008,Books,Chennai,2023-11-02 16:00:00,6368.24,5,11,Nov
ORD0919,CUST127,Clothing,Mumbai,2023-11-03 00:00:00,9754.21,1,11,Nov
ORD0920,CUST084,Home & Kitchen,Hyderabad,2023-11-03 08:00:00,2981.45,2,11,Nov
ORD0921,CUST047,Electronics,Bengaluru,2023-11-03 16:00:00,3328.58,4,11,Nov
ORD0922,CUST125,Books,Delhi,2023-11-04 00:00:00,12394.75,5,11,Nov
ORD0923,CUST055,Clothing,Mumbai,2023-11-04 08:00:00,11165.98,5,11,Nov
ORD0924,CUST091,Electronics,Chennai,2023-11-04 16:00:00,11440.5,1,11,Nov
ORD0925,CUST067,Books,Mumbai,2023-11-05 00:00:00,13034.4,5,11,Nov
ORD0926,CUST088,Electronics,Chennai,2023-11-05 08:00:00,12351.06,5,11,Nov
ORD0927,CUST072,Books,Hyderabad,2023-11-05 16:00:00,7825.99,1,11,Nov
ORD0928,CUST153,Clothing,Chennai,2023-11-06 00:00:00,2552.79,1,11,Nov
ORD0929,CUST180,Clothing,Delhi,2023-11-06 08:00:00,4804.62,4,11,Nov
ORD0930,CUST071,Electronics,Hyderabad,2023-11-06 16:00:00,7700.57,2,11,Nov
ORD0931,CUST143,Books,Mumbai,2023-11-07 00:00:00,2207.62,5,11,Nov
ORD0932,CUST003,Home & Kitchen,Bengaluru,2023-11-07 08:00:00,12799.17,5,11,Nov
ORD0933,CUST133,Clothing,Chennai,2023-11-07 16:00:00,13214.12,1,11,Nov
ORD0934,CUST049,Home & Kitchen,Delhi,2023-11-08 00:00:00,628.43,4,11,Nov
ORD0935,CUST022,Home & Kitchen,Bengaluru,2023-11-08 08:00:00,3052.9,5,11,Nov
ORD0936,CUST062,Sports,Bengaluru,2023-11-08 16:00:00,12527.36,4,11,Nov
ORD0937,CUST185,Electronics,Hyderabad,2023-11-09 00:00:00,12587.25,3,11,Nov
ORD0938,CUST105,Electronics,Mumbai,2023-11-09 08:00:00,3892.46,1,11,Nov
ORD0939,CUST126,Electronics,Bengaluru,2023-11-09 16:00:00,6955.44,5,11,Nov
ORD0940,CUST143,Books,Delhi,2023-11-10 00:00:00,13786.86,4,11,Nov
ORD0941,CUST195,Clothing,Chennai,2023-11-10 08:00:00,10628.58,2,11,Nov
ORD0942,CUST062,Clothing,Chennai,2023-11-10 16:00:00,4254.87,4,11,Nov
ORD0943,CUST177,Sports,Chennai,2023-11-11 00:00:00,12387.89,4,11,Nov
ORD0944,CUST122,Sports,Hyderabad,2023-11-11 08:00:00,7675.87,3,11,Nov
ORD0945,CUST166,Sports,Delhi,2023-11-11 16:00:00,9604.07,5,11,Nov
ORD0946,CUST183,Home & Kitchen,Bengaluru,2023-11-12 00:00:00,2033.32,5,11,Nov
ORD0947,CUST126,Electronics,Delhi,2023-11-12 08:00:00,652.34,1,11,Nov
ORD0948,CUST115,Books,Hyderabad,2023-11-12 16:00:00,5712.51,4,11,Nov
ORD0949,CUST005,Clothing,Hyderabad,2023-11-13 00:00:00,8991.85,2,11,Nov
ORD0950,CUST024,Books,Mumbai,2023-11-13 08:00:00,2828.24,3,11,Nov
ORD0951,CUST076,Electronics,Delhi,2023-11-13 16:00:00,13083.12,4,11,Nov
ORD0952,CUST057,Electronics,Chennai,2023-11-14 00:00:00,8885.83,2,11,Nov
ORD0953,CUST104,Clothing,Hyderabad,2023-11-14 08:00:00,5376.45,1,11,Nov
ORD0954,CUST178,Home & Kitchen,Hyderabad,2023-11-14 16:00:00,2620.0,3,11,Nov
ORD0955,CUST063,Sports,Mumbai,2023-11-15 00:00:00,13438.48,5,11,Nov
ORD0956,CUST079,Home & Kitchen,Chennai,2023-11-15 08:00:00,11284.62,5,11,Nov
ORD0957,CUST170,Electronics,Hyderabad,2023-11-15 16:00:00,10394.99,4,11,Nov
ORD0958,CUST149,Electronics,Bengaluru,2023-11-16 00:00:00,4419.03,3,11,Nov
ORD0959,CUST095,Home & Kitchen,Chennai,2023-11-16 08:00:00,5921.17,2,11,Nov
ORD0960,CUST122,Sports,Delhi,2023-11-16 16:00:00,2611.03,1,11,Nov
ORD0961,CUST142,Sports,Mumbai,2023-11-17 00:00:00,8669.42,1,11,Nov
ORD0962,CUST136,Electronics,Bengaluru,2023-11-17 08:00:00,14480.78,5,11,Nov
ORD0963,CUST089,Sports,Bengaluru,2023-11-17 16:00:00,12885.25,5,11,Nov
ORD0964,CUST109,Sports,Delhi,2023-11-18 00:00:00,9781.22,1,11,Nov
ORD0965,CUST191,Clothing,Mumbai,2023-11-18 08:00:00,10229.89,5,11,Nov
ORD0966,CUST141,Clothing,Hyderabad,2023-11-18 16:00:00,4182.44,1,11,Nov
ORD0967,CUST085,Books,Mumbai,2023-11-19 00:00:00,6260.71,4,11,Nov
ORD0968,CUST091,Home & Kitchen,Hyderabad,2023-11-19 08:00:00,496.77,2,11,Nov
ORD0969,CUST180,Electronics,Delhi,2023-11-19 16:00:00,11748.49,3,11,Nov
ORD0970,CUST117,Sports,Delhi,2023-11-20 00:00:00,11560.08,4,11,Nov
ORD0971,CUST070,Books,Bengaluru,2023-11-20 08:00:00,331.69,3,11,Nov
ORD0972,CUST079,Clothing,Bengaluru,2023-11-20 16:00:00,13690.43,1,11,Nov
ORD0973,CUST065,Sports,Bengaluru,2023-11-21 00:00:00,9781.1,2,11,Nov
ORD0974,CUST060,Home & Kitchen,Delhi,2023-11-21 08:00:00,9096.9,4,11,Nov
ORD0975,CUST031,Clothing,Hyderabad,2023-11-21 16:00:00,325.26,5,11,Nov
ORD0976,CUST185,Electronics,Delhi,2023-11-22 00:00:00,3935.38,3,11,Nov
ORD0977,CUST050,Sports,Delhi,2023-11-22 08:00:00,12115.27,3,11,Nov
ORD0978,CUST081,Books,Bengaluru,2023-11-22 16:00:00,4720.8,5,11,Nov
ORD0979,CUST031,Electronics,Mumbai,2023-11-23 00:00:00,14511.96,4,11,Nov
ORD0980,CUST191,Sports,Bengaluru,2023-11-23 08:00:00,9712.56,5,11,Nov
ORD0981,CUST138,Sports,Mumbai,2023-11-23 16:00:00,6472.34,3,11,Nov
ORD0982,CUST196,Sports,Hyderabad,2023-11-24 00:00:00,5771.84,5,11,Nov
ORD0983,CUST177,Sports,Hyderabad,2023-11-24 08:00:00,5360.9,3,11,Nov
ORD0984,CUST048,Sports,Chennai,2023-11-24 16:00:00,3929.58,4,11,Nov
ORD0985,CUST050,Electronics,Chennai,2023-11-25 00:00:00,7107.13,2,11,Nov
ORD0986,CUST056,Home & Kitchen,Chennai,2023-11-25 08:00:00,10222.5,4,11,Nov
ORD0987,CUST190,Home & Kitchen,Hyderabad,2023-11-25 16:00:00,12399.8,5,11,Nov
ORD0988,CUST124,Electronics,Bengaluru,2023-11-26 00:00:00,6077.86,5,11,Nov
ORD0989,CUST071,Home & Kitchen,Bengaluru,2023-11-26 08:00:00,1714.22,4,11,Nov
ORD0990,CUST186,Books,Bengaluru,2023-11-26 16:00:00,7770.4,2,11,Nov
ORD0991,CUST151,Books,Delhi,2023-11-27 00:00:00,10002.86,3,11,Nov
ORD0992,CUST195,Electronics,Chennai,2023-11-27 08:00:00,12680.6,5,11,Nov
ORD0993,CUST135,Books,Bengaluru,2023-11-27 16:00:00,5738.6,5,11,Nov
ORD0994,CUST153,Electronics,Chennai,2023-11-28 00:00:00,9780.66,4,11,Nov
ORD0995,CUST073,Books,Chennai,2023-11-28 08:00:00,9213.94,3,11,Nov
ORD0996,CUST026,Clothing,Delhi,2023-11-28 16:00:00,4617.44,3,11,Nov
ORD0997,CUST050,Electronics,Hyderabad,2023-11-29 00:00:00,1799.95,5,11,Nov
ORD0998,CUST076,Sports,Bengaluru,2023-11-29 08:00:00,1144.79,3,11,Nov
ORD0999,CUST059,Books,Delhi,2023-11-29 16:00:00,14827.74,4,11,Nov
ORD1000,CUST093,Clothing,Hyderabad,2023-11-30 00:00:00,9680.8,2,11,Nov
